{"stats":{"minecraft:dropped":{"minecraft:golden_boots":1,"minecraft:iron_sword":1,"minecraft:soul_sand":17,"minecraft:wheat_seeds":84,"minecraft:ender_pearl":1,"minecraft:cobblestone":6,"minecraft:leather":2,"minecraft:granite":22,"minecraft:spruce_button":4,"minecraft:coal":1,"minecraft:cobblestone_stairs":1,"minecraft:diorite":2,"minecraft:torch":2,"minecraft:crimson_roots":1,"minecraft:iron_leggings":2,"minecraft:gold_nugget":5,"minecraft:bone_meal":45,"minecraft:sand":4,"minecraft:iron_pickaxe":1,"minecraft:spruce_sapling":5,"minecraft:gold_ingot":22,"minecraft:bone":3,"minecraft:stone_axe":1,"minecraft:blackstone":39,"minecraft:blaze_rod":2,"minecraft:nether_brick":10,"minecraft:wheat":2,"minecraft:composter":1,"minecraft:rotten_flesh":16,"minecraft:wither_skeleton_skull":1,"minecraft:light_gray_wool":1,"minecraft:oak_planks":2,"minecraft:iron_boots":1,"minecraft:smoker":1,"minecraft:nether_bricks":3,"minecraft:spruce_fence":3,"minecraft:pumpkin_seeds":9,"minecraft:spruce_trapdoor":1,"minecraft:spruce_planks":1,"minecraft:diamond_pickaxe":1,"minecraft:wooden_shovel":2,"minecraft:carved_pumpkin":1,"minecraft:white_dye":1,"minecraft:spruce_slab":6,"minecraft:spruce_log":7,"minecraft:bow":1,"minecraft:arrow":1,"minecraft:stone_pickaxe":2,"minecraft:magma_cream":1,"minecraft:magma_block":20,"minecraft:netherrack":36,"minecraft:black_wool":1},"minecraft:mined":{"minecraft:nether_gold_ore":48,"minecraft:obsidian":7,"minecraft:carved_pumpkin":2,"minecraft:nether_bricks":2,"minecraft:grass_block":45,"minecraft:soul_soil":20,"minecraft:spruce_leaves":1,"minecraft:spawner":1,"minecraft:large_fern":7,"minecraft:hay_block":19,"minecraft:fire":9,"minecraft:snow":68,"minecraft:pumpkin":2,"minecraft:gold_block":1,"minecraft:potatoes":35,"minecraft:rail":4,"minecraft:warped_stem":2,"minecraft:bone_block":6,"minecraft:spruce_slab":1,"minecraft:smoker":1,"minecraft:dandelion":3,"minecraft:cornflower":1,"minecraft:torch":1,"minecraft:blast_furnace":1,"minecraft:melon":14,"minecraft:warped_roots":1,"minecraft:nether_quartz_ore":6,"minecraft:glass":2,"minecraft:tall_grass":6,"minecraft:cobblestone":4,"minecraft:sugar_cane":1,"minecraft:seagrass":1,"minecraft:warped_nylium":2,"minecraft:wheat":25,"minecraft:grass_path":1,"minecraft:grass":59,"minecraft:oak_log":1,"minecraft:sand":4,"minecraft:dirt":25,"minecraft:netherrack":318,"minecraft:oak_leaves":1,"minecraft:fern":1},"minecraft:picked_up":{"minecraft:wooden_axe":5,"minecraft:crafting_table":7,"minecraft:iron_chestplate":2,"minecraft:wheat":26,"minecraft:gold_block":1,"minecraft:nether_brick":10,"minecraft:shield":2,"minecraft:soul_soil":20,"minecraft:iron_axe":2,"minecraft:iron_leggings":4,"minecraft:iron_shovel":2,"minecraft:blackstone":91,"minecraft:gold_nugget":197,"minecraft:netherite_sword":1,"minecraft:bucket":2,"minecraft:spruce_planks":27,"minecraft:beef":36,"minecraft:ender_eye":1,"minecraft:iron_nugget":72,"minecraft:wooden_shovel":1,"minecraft:spruce_slab":11,"minecraft:iron_pickaxe":2,"minecraft:light_gray_wool":2,"minecraft:minecart":2,"minecraft:melon_slice":6,"minecraft:sugar_cane":8,"minecraft:iron_boots":3,"minecraft:furnace":2,"minecraft:golden_helmet":7,"minecraft:stick":231,"minecraft:torch":1,"minecraft:fire_charge":12,"minecraft:porkchop":13,"minecraft:diorite":4,"minecraft:netherite_pickaxe":1,"minecraft:arrow":4,"minecraft:stone_shovel":2,"minecraft:rotten_flesh":17,"minecraft:nether_bricks":6,"minecraft:hay_block":19,"minecraft:carved_pumpkin":2,"minecraft:gold_ingot":1,"minecraft:netherite_chestplate":1,"minecraft:cobblestone":103,"minecraft:blaze_rod":4,"minecraft:obsidian":2,"minecraft:mutton":3,"minecraft:bone_block":5,"minecraft:rail":4,"minecraft:snowball":66,"minecraft:white_wool":7,"minecraft:netherite_boots":1,"minecraft:magma_block":20,"minecraft:cooked_beef":6,"minecraft:magma_cream":1,"minecraft:andesite":60,"minecraft:leather":18,"minecraft:smoker":1,"minecraft:potato":56,"minecraft:flint":25,"minecraft:crimson_fungus":1,"minecraft:oak_log":37,"minecraft:ancient_debris":3,"minecraft:golden_boots":1,"minecraft:gunpowder":2,"minecraft:wither_skeleton_skull":1,"minecraft:netherite_leggings":1,"minecraft:dirt":162,"minecraft:cooked_mutton":13,"minecraft:bone":14,"minecraft:glass":56,"minecraft:bow":2,"minecraft:wheat_seeds":91,"minecraft:warped_stem":2,"minecraft:stone_pickaxe":9,"minecraft:iron_ingot":50,"minecraft:iron_ore":33,"minecraft:diamond_helmet":1,"minecraft:soul_sand":19,"minecraft:oak_planks":3,"minecraft:iron_sword":1,"minecraft:oak_slab":180,"minecraft:pumpkin":2,"minecraft:sweet_berries":5,"minecraft:quartz":12,"minecraft:dandelion":3,"minecraft:gravel":6,"minecraft:sand":266,"minecraft:spruce_sapling":16,"minecraft:blast_furnace":3,"minecraft:spruce_log":403,"minecraft:gold_ore":8,"minecraft:spectral_arrow":35,"minecraft:diamond_shovel":2,"minecraft:pumpkin_seeds":8,"minecraft:stone_axe":11,"minecraft:granite":36,"minecraft:spruce_button":8,"minecraft:black_wool":2,"minecraft:oak_sapling":1,"minecraft:netherrack":531,"minecraft:warped_nylium":1,"minecraft:coal":52,"minecraft:crimson_roots":1,"minecraft:ender_pearl":2,"minecraft:diamond_pickaxe":4},"minecraft:broken":{"minecraft:golden_helmet":1,"minecraft:wooden_shovel":1,"minecraft:shield":1},"minecraft:used":{"minecraft:netherite_sword":176,"minecraft:iron_shovel":20,"minecraft:stone_shovel":50,"minecraft:spruce_planks":2,"minecraft:shield":45,"minecraft:wooden_shovel":68,"minecraft:rotten_flesh":2,"minecraft:netherrack":207,"minecraft:soul_sand":5,"minecraft:dirt":41,"minecraft:snowball":2,"minecraft:spruce_boat":1,"minecraft:glass":15,"minecraft:wooden_axe":2,"minecraft:iron_axe":22,"minecraft:sweet_berries":5,"minecraft:soul_soil":20,"minecraft:oak_sapling":1,"minecraft:minecart":2,"minecraft:netherite_pickaxe":109,"minecraft:cooked_beef":3,"minecraft:potato":56,"minecraft:pumpkin":2,"minecraft:cooked_mutton":8,"minecraft:water_bucket":2,"minecraft:iron_ore":5,"minecraft:stone_pickaxe":18,"minecraft:baked_potato":21,"minecraft:sugar_cane":3,"minecraft:sand":4,"minecraft:rail":19,"minecraft:crafting_table":4,"minecraft:blast_furnace":1,"minecraft:oak_log":1,"minecraft:ender_eye":1,"minecraft:diamond_pickaxe":290,"minecraft:bread":32,"minecraft:spruce_trapdoor":1,"minecraft:stone_axe":11,"minecraft:crimson_fungus":1,"minecraft:cobblestone":5,"minecraft:cooked_porkchop":1,"minecraft:bucket":2,"minecraft:dandelion":3},"minecraft:killed":{"minecraft:magma_cube":7,"minecraft:piglin":5,"minecraft:pig":4,"minecraft:creeper":1,"minecraft:sheep":3,"minecraft:zombie":13,"minecraft:wither_skeleton":9,"minecraft:blaze":12,"minecraft:enderman":1,"minecraft:cow":15},"minecraft:crafted":{"minecraft:stone_shovel":1,"minecraft:bone_meal":72,"minecraft:warped_planks":8,"minecraft:bow":1,"minecraft:spruce_boat":1,"minecraft:rail":48,"minecraft:minecart":1,"minecraft:wheat":153,"minecraft:wooden_shovel":2,"minecraft:cooked_porkchop":1,"minecraft:crafting_table":4,"minecraft:spruce_planks":20,"minecraft:baked_potato":12,"minecraft:hay_block":9,"minecraft:bread":32,"minecraft:air":0,"minecraft:spruce_trapdoor":2,"minecraft:stick":20,"minecraft:gold_ingot":21,"minecraft:shears":1},"minecraft:killed_by":{"minecraft:zombie":2},"minecraft:custom":{"minecraft:mob_kills":71,"minecraft:interact_with_crafting_table":15,"minecraft:leave_game":21,"minecraft:time_since_death":128756,"minecraft:climb_one_cm":2167,"minecraft:sprint_one_cm":391150,"minecraft:walk_one_cm":340645,"minecraft:damage_blocked_by_shield":1850,"minecraft:drop":128,"minecraft:deaths":3,"minecraft:sneak_time":9710,"minecraft:walk_under_water_one_cm":3201,"minecraft:boat_one_cm":38035,"minecraft:jump":3248,"minecraft:interact_with_blast_furnace":7,"minecraft:walk_on_water_one_cm":9653,"minecraft:interact_with_furnace":3,"minecraft:play_one_minute":147243,"minecraft:sleep_in_bed":1,"minecraft:time_since_rest":75914,"minecraft:damage_taken":4604,"minecraft:damage_dealt":11648,"minecraft:swim_one_cm":57921,"minecraft:fly_one_cm":514281,"minecraft:open_chest":43,"minecraft:crouch_one_cm":41930,"minecraft:interact_with_smoker":6,"minecraft:fall_one_cm":93350}},"DataVersion":2586}