{"stats":{"minecraft:dropped":{"minecraft:golden_boots":1,"minecraft:iron_sword":1,"minecraft:soul_sand":3,"minecraft:wheat_seeds":3,"minecraft:cobblestone":6,"minecraft:leather":2,"minecraft:granite":22,"minecraft:spruce_button":4,"minecraft:cobblestone_stairs":1,"minecraft:diorite":2,"minecraft:crimson_roots":1,"minecraft:iron_leggings":2,"minecraft:gold_nugget":4,"minecraft:bone_meal":45,"minecraft:sand":3,"minecraft:iron_pickaxe":1,"minecraft:spruce_sapling":5,"minecraft:gold_ingot":3,"minecraft:bone":3,"minecraft:stone_axe":1,"minecraft:blaze_rod":2,"minecraft:composter":1,"minecraft:rotten_flesh":9,"minecraft:light_gray_wool":1,"minecraft:oak_planks":2,"minecraft:iron_boots":1,"minecraft:smoker":1,"minecraft:nether_bricks":3,"minecraft:spruce_fence":3,"minecraft:pumpkin_seeds":1,"minecraft:spruce_trapdoor":1,"minecraft:white_dye":1,"minecraft:spruce_slab":6,"minecraft:spruce_log":7,"minecraft:bow":1,"minecraft:arrow":1,"minecraft:stone_pickaxe":2,"minecraft:magma_cream":1,"minecraft:magma_block":20,"minecraft:netherrack":36,"minecraft:black_wool":1},"minecraft:mined":{"minecraft:nether_gold_ore":7,"minecraft:grass_block":41,"minecraft:soul_soil":20,"minecraft:large_fern":5,"minecraft:fire":5,"minecraft:pumpkin":2,"minecraft:potatoes":35,"minecraft:rail":4,"minecraft:bone_block":6,"minecraft:spruce_slab":1,"minecraft:smoker":1,"minecraft:torch":1,"minecraft:blast_furnace":1,"minecraft:cobblestone":3,"minecraft:glass":2,"minecraft:sugar_cane":1,"minecraft:grass_path":1,"minecraft:grass":1,"minecraft:sand":1,"minecraft:dirt":25,"minecraft:netherrack":263,"minecraft:fern":1},"minecraft:picked_up":{"minecraft:wooden_axe":5,"minecraft:crafting_table":7,"minecraft:iron_chestplate":2,"minecraft:shield":2,"minecraft:soul_soil":20,"minecraft:iron_axe":2,"minecraft:iron_leggings":4,"minecraft:iron_shovel":2,"minecraft:gold_nugget":31,"minecraft:netherite_sword":1,"minecraft:bucket":2,"minecraft:spruce_planks":27,"minecraft:beef":1,"minecraft:iron_nugget":56,"minecraft:spruce_slab":11,"minecraft:iron_pickaxe":2,"minecraft:light_gray_wool":2,"minecraft:minecart":2,"minecraft:sugar_cane":8,"minecraft:furnace":2,"minecraft:iron_boots":3,"minecraft:golden_helmet":7,"minecraft:stick":231,"minecraft:torch":1,"minecraft:fire_charge":10,"minecraft:porkchop":13,"minecraft:diorite":4,"minecraft:arrow":4,"minecraft:stone_shovel":2,"minecraft:rotten_flesh":7,"minecraft:nether_bricks":5,"minecraft:netherite_chestplate":1,"minecraft:blaze_rod":4,"minecraft:mutton":3,"minecraft:bone_block":5,"minecraft:rail":4,"minecraft:white_wool":7,"minecraft:cobblestone":102,"minecraft:netherite_boots":1,"minecraft:magma_block":20,"minecraft:cooked_beef":6,"minecraft:magma_cream":1,"minecraft:andesite":60,"minecraft:leather":6,"minecraft:smoker":1,"minecraft:potato":56,"minecraft:flint":25,"minecraft:crimson_fungus":1,"minecraft:oak_log":36,"minecraft:ancient_debris":3,"minecraft:golden_boots":1,"minecraft:gunpowder":2,"minecraft:netherite_leggings":1,"minecraft:dirt":162,"minecraft:cooked_mutton":13,"minecraft:glass":56,"minecraft:bone":5,"minecraft:bow":2,"minecraft:wheat_seeds":10,"minecraft:iron_ingot":50,"minecraft:stone_pickaxe":9,"minecraft:iron_ore":33,"minecraft:diamond_helmet":1,"minecraft:oak_planks":3,"minecraft:iron_sword":1,"minecraft:oak_slab":180,"minecraft:pumpkin":2,"minecraft:sweet_berries":5,"minecraft:gravel":6,"minecraft:sand":263,"minecraft:spruce_sapling":16,"minecraft:blast_furnace":3,"minecraft:spruce_log":403,"minecraft:gold_ore":8,"minecraft:diamond_shovel":2,"minecraft:stone_axe":11,"minecraft:granite":36,"minecraft:spruce_button":8,"minecraft:oak_sapling":1,"minecraft:black_wool":2,"minecraft:netherrack":470,"minecraft:coal":49,"minecraft:crimson_roots":1,"minecraft:diamond_pickaxe":3},"minecraft:broken":{"minecraft:golden_helmet":1},"minecraft:used":{"minecraft:netherite_sword":5,"minecraft:iron_shovel":20,"minecraft:stone_shovel":50,"minecraft:shield":14,"minecraft:rotten_flesh":2,"minecraft:netherrack":59,"minecraft:dirt":41,"minecraft:glass":15,"minecraft:wooden_axe":2,"minecraft:iron_axe":22,"minecraft:sweet_berries":5,"minecraft:soul_soil":20,"minecraft:oak_sapling":1,"minecraft:minecart":2,"minecraft:potato":56,"minecraft:cooked_beef":3,"minecraft:cooked_mutton":8,"minecraft:water_bucket":1,"minecraft:iron_ore":5,"minecraft:stone_pickaxe":18,"minecraft:baked_potato":7,"minecraft:sugar_cane":3,"minecraft:sand":2,"minecraft:rail":19,"minecraft:blast_furnace":1,"minecraft:diamond_pickaxe":283,"minecraft:spruce_trapdoor":1,"minecraft:stone_axe":11,"minecraft:crimson_fungus":1,"minecraft:cobblestone":5,"minecraft:cooked_porkchop":1,"minecraft:bucket":1},"minecraft:killed":{"minecraft:magma_cube":3,"minecraft:piglin":1,"minecraft:pig":4,"minecraft:sheep":3,"minecraft:zombie":2,"minecraft:wither_skeleton":1,"minecraft:blaze":4},"minecraft:crafted":{"minecraft:stone_shovel":1,"minecraft:bone_meal":72,"minecraft:rail":48,"minecraft:minecart":1,"minecraft:cooked_porkchop":1,"minecraft:baked_potato":12,"minecraft:air":0,"minecraft:spruce_trapdoor":2,"minecraft:stick":16,"minecraft:gold_ingot":3},"minecraft:killed_by":{"minecraft:zombie":2},"minecraft:custom":{"minecraft:mob_kills":18,"minecraft:interact_with_crafting_table":5,"minecraft:leave_game":11,"minecraft:time_since_death":60224,"minecraft:climb_one_cm":68,"minecraft:sprint_one_cm":232497,"minecraft:walk_one_cm":205518,"minecraft:damage_blocked_by_shield":330,"minecraft:drop":84,"minecraft:deaths":3,"minecraft:sneak_time":6564,"minecraft:walk_under_water_one_cm":264,"minecraft:jump":1764,"minecraft:interact_with_blast_furnace":6,"minecraft:walk_on_water_one_cm":1259,"minecraft:interact_with_furnace":3,"minecraft:play_one_minute":78711,"minecraft:sleep_in_bed":1,"minecraft:time_since_rest":7382,"minecraft:damage_taken":2365,"minecraft:damage_dealt":3061,"minecraft:swim_one_cm":4433,"minecraft:fly_one_cm":273478,"minecraft:open_chest":27,"minecraft:crouch_one_cm":27622,"minecraft:interact_with_smoker":3,"minecraft:fall_one_cm":47549}},"DataVersion":2586}