{"stats":{"minecraft:crafted":{"minecraft:stone_shovel":1,"minecraft:cooked_porkchop":1,"minecraft:bone_meal":45,"minecraft:air":0,"minecraft:spruce_trapdoor":2,"minecraft:stick":16,"minecraft:gold_ingot":3,"minecraft:rail":48,"minecraft:minecart":1},"minecraft:killed_by":{"minecraft:zombie":2},"minecraft:used":{"minecraft:cooked_mutton":8,"minecraft:iron_ore":5,"minecraft:iron_shovel":20,"minecraft:stone_pickaxe":18,"minecraft:stone_shovel":50,"minecraft:shield":14,"minecraft:rotten_flesh":2,"minecraft:netherrack":54,"minecraft:dirt":41,"minecraft:sand":2,"minecraft:rail":19,"minecraft:blast_furnace":1,"minecraft:glass":15,"minecraft:wooden_axe":2,"minecraft:diamond_pickaxe":283,"minecraft:iron_axe":22,"minecraft:spruce_trapdoor":1,"minecraft:stone_axe":11,"minecraft:soul_soil":20,"minecraft:crimson_fungus":1,"minecraft:cobblestone":5,"minecraft:sweet_berries":5,"minecraft:oak_sapling":1,"minecraft:cooked_porkchop":1,"minecraft:minecart":2,"minecraft:cooked_beef":3},"minecraft:dropped":{"minecraft:golden_boots":1,"minecraft:iron_sword":1,"minecraft:stone_axe":1,"minecraft:wheat_seeds":1,"minecraft:blaze_rod":2,"minecraft:light_gray_wool":1,"minecraft:iron_boots":1,"minecraft:oak_planks":1,"minecraft:smoker":1,"minecraft:leather":2,"minecraft:granite":1,"minecraft:diorite":2,"minecraft:iron_leggings":2,"minecraft:bone_meal":45,"minecraft:stone_pickaxe":1,"minecraft:iron_pickaxe":1,"minecraft:magma_cream":1,"minecraft:magma_block":20,"minecraft:netherrack":36,"minecraft:spruce_sapling":5,"minecraft:gold_ingot":3},"minecraft:mined":{"minecraft:nether_gold_ore":7,"minecraft:smoker":1,"minecraft:torch":1,"minecraft:blast_furnace":1,"minecraft:grass_block":41,"minecraft:glass":2,"minecraft:soul_soil":20,"minecraft:cobblestone":3,"minecraft:large_fern":4,"minecraft:fire":5,"minecraft:grass_path":1,"minecraft:grass":1,"minecraft:rail":4,"minecraft:sand":1,"minecraft:dirt":24,"minecraft:fern":1,"minecraft:spruce_slab":1,"minecraft:bone_block":6,"minecraft:netherrack":263},"minecraft:picked_up":{"minecraft:wooden_axe":5,"minecraft:crafting_table":7,"minecraft:iron_chestplate":2,"minecraft:magma_block":20,"minecraft:cooked_beef":6,"minecraft:magma_cream":1,"minecraft:andesite":60,"minecraft:leather":6,"minecraft:smoker":1,"minecraft:potato":1,"minecraft:flint":25,"minecraft:crimson_fungus":1,"minecraft:oak_log":36,"minecraft:ancient_debris":3,"minecraft:golden_boots":1,"minecraft:shield":2,"minecraft:gunpowder":2,"minecraft:dirt":162,"minecraft:soul_soil":20,"minecraft:iron_axe":2,"minecraft:iron_leggings":4,"minecraft:cooked_mutton":13,"minecraft:iron_shovel":2,"minecraft:glass":56,"minecraft:bone":5,"minecraft:bow":2,"minecraft:wheat_seeds":10,"minecraft:gold_nugget":31,"minecraft:bucket":2,"minecraft:spruce_planks":27,"minecraft:iron_ingot":50,"minecraft:beef":1,"minecraft:stone_pickaxe":9,"minecraft:iron_ore":33,"minecraft:iron_nugget":56,"minecraft:iron_pickaxe":2,"minecraft:light_gray_wool":2,"minecraft:spruce_slab":11,"minecraft:minecart":2,"minecraft:sugar_cane":5,"minecraft:iron_sword":1,"minecraft:oak_planks":3,"minecraft:iron_boots":3,"minecraft:furnace":2,"minecraft:golden_helmet":7,"minecraft:oak_slab":180,"minecraft:stick":231,"minecraft:sweet_berries":5,"minecraft:torch":1,"minecraft:gravel":6,"minecraft:fire_charge":10,"minecraft:porkchop":13,"minecraft:sand":263,"minecraft:spruce_sapling":16,"minecraft:blast_furnace":3,"minecraft:diorite":4,"minecraft:spruce_log":396,"minecraft:gold_ore":8,"minecraft:diamond_shovel":2,"minecraft:arrow":4,"minecraft:stone_shovel":2,"minecraft:rotten_flesh":5,"minecraft:stone_axe":11,"minecraft:nether_bricks":5,"minecraft:granite":36,"minecraft:spruce_button":8,"minecraft:white_wool":7,"minecraft:black_wool":2,"minecraft:bone_block":5,"minecraft:oak_sapling":1,"minecraft:blaze_rod":4,"minecraft:netherrack":470,"minecraft:mutton":3,"minecraft:coal":49,"minecraft:crimson_roots":1,"minecraft:rail":4,"minecraft:cobblestone":102,"minecraft:diamond_pickaxe":3},"minecraft:killed":{"minecraft:magma_cube":3,"minecraft:piglin":1,"minecraft:pig":4,"minecraft:sheep":3,"minecraft:zombie":1,"minecraft:wither_skeleton":1,"minecraft:blaze":4},"minecraft:custom":{"minecraft:interact_with_furnace":3,"minecraft:mob_kills":17,"minecraft:interact_with_crafting_table":5,"minecraft:play_one_minute":58663,"minecraft:leave_game":10,"minecraft:time_since_death":40176,"minecraft:climb_one_cm":68,"minecraft:time_since_rest":40255,"minecraft:sprint_one_cm":160791,"minecraft:damage_taken":2172,"minecraft:walk_one_cm":161948,"minecraft:damage_blocked_by_shield":330,"minecraft:drop":59,"minecraft:damage_dealt":2861,"minecraft:fly_one_cm":184215,"minecraft:open_chest":10,"minecraft:crouch_one_cm":26277,"minecraft:deaths":3,"minecraft:sneak_time":6280,"minecraft:jump":1269,"minecraft:interact_with_blast_furnace":5,"minecraft:fall_one_cm":32131,"minecraft:walk_on_water_one_cm":93}},"DataVersion":2586}