{"stats":{"minecraft:picked_up":{"minecraft:crafting_table":1,"minecraft:iron_ore":6,"minecraft:oak_log":15,"minecraft:coal":34,"minecraft:cobblestone":23},"minecraft:used":{"minecraft:torch":1,"minecraft:wooden_axe":1,"minecraft:crafting_table":1,"minecraft:stone_pickaxe":57,"minecraft:wooden_pickaxe":6},"minecraft:crafted":{"minecraft:oak_planks":60,"minecraft:torch":8,"minecraft:crafting_table":1,"minecraft:stick":8,"minecraft:wooden_pickaxe":1,"minecraft:stone_pickaxe":1,"minecraft:wooden_axe":1},"minecraft:mined":{"minecraft:coal_ore":34,"minecraft:oak_log":15,"minecraft:iron_ore":6,"minecraft:stone":23,"minecraft:crafting_table":1},"minecraft:custom":{"minecraft:time_since_rest":5842,"minecraft:play_one_minute":5842,"minecraft:sprint_one_cm":9163,"minecraft:damage_taken":30,"minecraft:walk_one_cm":12608,"minecraft:jump":92,"minecraft:damage_dealt":20,"minecraft:time_since_death":5842,"minecraft:fall_one_cm":3528,"minecraft:interact_with_crafting_table":3,"minecraft:fly_one_cm":16250}},"DataVersion":2586}