{"stats":{"minecraft:mined":{"minecraft:grass":1,"minecraft:oak_log":11,"minecraft:fire":1,"minecraft:stone":14,"minecraft:crafting_table":2},"minecraft:custom":{"minecraft:time_since_rest":2689,"minecraft:play_one_minute":15472,"minecraft:crouch_one_cm":1734,"minecraft:walk_one_cm":16654,"minecraft:sprint_one_cm":8213,"minecraft:damage_taken":40,"minecraft:deaths":1,"minecraft:sneak_time":739,"minecraft:walk_under_water_one_cm":104,"minecraft:drop":1,"minecraft:jump":149,"minecraft:damage_dealt":110,"minecraft:walk_on_water_one_cm":111,"minecraft:leave_game":5,"minecraft:time_since_death":2669,"minecraft:interact_with_crafting_table":3,"minecraft:fall_one_cm":8070,"minecraft:fly_one_cm":110052},"minecraft:picked_up":{"minecraft:crafting_table":2,"minecraft:stick":2,"minecraft:oak_log":11,"minecraft:cobblestone":14},"minecraft:used":{"minecraft:stone_axe":6,"minecraft:cobblestone":2,"minecraft:crafting_table":2,"minecraft:wooden_pickaxe":14},"minecraft:dropped":{"minecraft:wooden_pickaxe":1},"minecraft:crafted":{"minecraft:stone_sword":1,"minecraft:oak_planks":44,"minecraft:stone_axe":1,"minecraft:crafting_table":1,"minecraft:stick":8,"minecraft:wooden_pickaxe":1,"minecraft:stone_pickaxe":1}},"DataVersion":2586}