{"stats":{"minecraft:mined":{"minecraft:grass":1,"minecraft:oak_log":11,"minecraft:fire":1,"minecraft:stone":14,"minecraft:crafting_table":2},"minecraft:crafted":{"minecraft:stone_sword":1,"minecraft:oak_planks":44,"minecraft:stone_axe":1,"minecraft:crafting_table":1,"minecraft:stick":8,"minecraft:wooden_pickaxe":1,"minecraft:stone_pickaxe":1},"minecraft:custom":{"minecraft:time_since_rest":9121,"minecraft:play_one_minute":9121,"minecraft:crouch_one_cm":1734,"minecraft:sprint_one_cm":7839,"minecraft:damage_taken":10,"minecraft:walk_one_cm":15791,"minecraft:sneak_time":538,"minecraft:drop":1,"minecraft:jump":143,"minecraft:damage_dealt":110,"minecraft:leave_game":1,"minecraft:time_since_death":9121,"minecraft:interact_with_crafting_table":3,"minecraft:fall_one_cm":7292,"minecraft:fly_one_cm":19391},"minecraft:used":{"minecraft:stone_axe":6,"minecraft:cobblestone":2,"minecraft:crafting_table":2,"minecraft:wooden_pickaxe":14},"minecraft:picked_up":{"minecraft:crafting_table":2,"minecraft:stick":2,"minecraft:oak_log":11,"minecraft:cobblestone":14},"minecraft:dropped":{"minecraft:wooden_pickaxe":1}},"DataVersion":2586}