{"stats":{"minecraft:dropped":{"minecraft:iron_ingot":17,"minecraft:stripped_spruce_log":2,"minecraft:netherite_pickaxe":2,"minecraft:wheat_seeds":8,"minecraft:diamond_axe":1,"minecraft:minecart":1,"minecraft:feather":2,"minecraft:netherite_helmet":3,"minecraft:netherite_chestplate":4,"minecraft:crossbow":1,"minecraft:cobblestone":61,"minecraft:granite":57,"minecraft:spruce_button":4,"minecraft:rail":2,"minecraft:stick":4,"minecraft:dirt":24,"minecraft:diorite":78,"minecraft:crimson_roots":3,"minecraft:wooden_axe":1,"minecraft:seagrass":3,"minecraft:netherite_boots":4,"minecraft:diamond_helmet":1,"minecraft:gold_nugget":3,"minecraft:iron_axe":2,"minecraft:white_wool":1,"minecraft:bone":8,"minecraft:gravel":12,"minecraft:furnace":6,"minecraft:compass":1,"minecraft:netherite_hoe":1,"minecraft:netherite_sword":1,"minecraft:wheat":1,"minecraft:rotten_flesh":5,"minecraft:light_gray_wool":2,"minecraft:oak_planks":3,"minecraft:iron_hoe":1,"minecraft:mossy_stone_brick_slab":1,"minecraft:netherite_leggings":6,"minecraft:filled_map":1,"minecraft:potato":2,"minecraft:shield":1,"minecraft:diamond_pickaxe":5,"minecraft:andesite":3,"minecraft:melon_seeds":1,"minecraft:oak_sapling":2,"minecraft:spruce_log":1,"minecraft:wooden_pickaxe":1,"minecraft:arrow":2,"minecraft:stone_pickaxe":1,"minecraft:magma_block":20,"minecraft:netherrack":15,"minecraft:quartz":9},"minecraft:mined":{"minecraft:nether_gold_ore":47,"minecraft:diamond_ore":98,"minecraft:crying_obsidian":2,"minecraft:spruce_planks":2,"minecraft:dark_oak_leaves":1,"minecraft:mossy_stone_brick_slab":1,"minecraft:brewing_stand":2,"minecraft:obsidian":32,"minecraft:nether_bricks":8,"minecraft:granite":83,"minecraft:grass_block":3,"minecraft:crimson_roots":1,"minecraft:soul_soil":1,"minecraft:spruce_leaves":10,"minecraft:spawner":1,"minecraft:magma_block":25,"minecraft:redstone_ore":28,"minecraft:furnace":7,"minecraft:iron_ore":133,"minecraft:fire":9,"minecraft:andesite":185,"minecraft:nether_brick_fence":1,"minecraft:potatoes":42,"minecraft:stripped_oak_log":1,"minecraft:stone":2090,"minecraft:bone_block":21,"minecraft:smithing_table":1,"minecraft:blackstone":43,"minecraft:crimson_nylium":2,"minecraft:basalt":22,"minecraft:dandelion":1,"minecraft:crafting_table":7,"minecraft:torch":1,"minecraft:nether_quartz_ore":9,"minecraft:tall_grass":1,"minecraft:cobblestone":14,"minecraft:lapis_ore":8,"minecraft:sugar_cane":8,"minecraft:diorite":85,"minecraft:wall_torch":4,"minecraft:spruce_stairs":2,"minecraft:warped_nylium":2,"minecraft:wheat":5,"minecraft:spruce_log":34,"minecraft:birch_leaves":4,"minecraft:grass":2,"minecraft:coal_ore":215,"minecraft:oak_log":27,"minecraft:gravel":45,"minecraft:dirt":90,"minecraft:stone_bricks":1,"minecraft:ancient_debris":39,"minecraft:netherrack":1632,"minecraft:gold_ore":16,"minecraft:oak_leaves":32,"minecraft:fern":1},"minecraft:picked_up":{"minecraft:wooden_axe":1,"minecraft:seagrass":3,"minecraft:crafting_table":10,"minecraft:wheat":1,"minecraft:chicken":2,"minecraft:smithing_table":1,"minecraft:wooden_pickaxe":1,"minecraft:brewing_stand":2,"minecraft:shield":3,"minecraft:string":1,"minecraft:iron_axe":2,"minecraft:flint_and_steel":2,"minecraft:netherite_scrap":4,"minecraft:netherite_ingot":2,"minecraft:blackstone":31,"minecraft:gold_nugget":485,"minecraft:netherite_sword":2,"minecraft:spruce_planks":1,"minecraft:oak_boat":3,"minecraft:ender_eye":27,"minecraft:spruce_slab":1,"minecraft:iron_pickaxe":1,"minecraft:light_gray_wool":2,"minecraft:minecart":1,"minecraft:melon_slice":67,"minecraft:sugar_cane":13,"minecraft:furnace":9,"minecraft:golden_helmet":2,"minecraft:stick":2,"minecraft:torch":44,"minecraft:spruce_stairs":1,"minecraft:porkchop":14,"minecraft:diorite":84,"minecraft:redstone":123,"minecraft:netherite_pickaxe":2,"minecraft:arrow":19,"minecraft:rotten_flesh":7,"minecraft:nether_bricks":8,"minecraft:carved_pumpkin":1,"minecraft:gold_ingot":7,"minecraft:netherite_chestplate":6,"minecraft:blaze_rod":10,"minecraft:obsidian":38,"minecraft:mutton":4,"minecraft:bone_block":21,"minecraft:rail":2,"minecraft:white_wool":2,"minecraft:cobblestone":1458,"minecraft:netherite_boots":6,"minecraft:magma_block":28,"minecraft:feather":2,"minecraft:basalt":25,"minecraft:magma_cream":1,"minecraft:golden_carrot":11,"minecraft:salmon":1,"minecraft:andesite":145,"minecraft:potato":116,"minecraft:oak_log":45,"minecraft:ancient_debris":59,"minecraft:golden_boots":4,"minecraft:gunpowder":4,"minecraft:netherite_leggings":8,"minecraft:lapis_lazuli":53,"minecraft:dirt":33,"minecraft:twisting_vines":6,"minecraft:bone":18,"minecraft:stone_bricks":1,"minecraft:wheat_seeds":13,"minecraft:stone_pickaxe":1,"minecraft:iron_ingot":29,"minecraft:iron_ore":118,"minecraft:netherite_axe":2,"minecraft:oak_planks":45,"minecraft:cooked_porkchop":4,"minecraft:quartz":18,"minecraft:dandelion":1,"minecraft:gravel":43,"minecraft:stripped_spruce_log":2,"minecraft:spruce_sapling":1,"minecraft:spruce_log":32,"minecraft:gold_ore":23,"minecraft:crying_obsidian":2,"minecraft:mossy_stone_brick_slab":1,"minecraft:iron_hoe":1,"minecraft:diamond":97,"minecraft:netherite_helmet":5,"minecraft:granite":83,"minecraft:crossbow":1,"minecraft:netherrack":1458,"minecraft:spruce_button":4,"minecraft:melon_seeds":1,"minecraft:baked_potato":13,"minecraft:oak_sapling":6,"minecraft:netherite_hoe":1,"minecraft:warped_nylium":5,"minecraft:coal":230,"minecraft:crimson_roots":3,"minecraft:ender_pearl":4,"minecraft:diamond_pickaxe":4},"minecraft:broken":{"minecraft:golden_boots":1,"minecraft:diamond_pickaxe":2,"minecraft:iron_pickaxe":1},"minecraft:used":{"minecraft:netherite_sword":91,"minecraft:flint_and_steel":16,"minecraft:chest":4,"minecraft:spruce_planks":1,"minecraft:shield":27,"minecraft:cooked_salmon":1,"minecraft:cooked_chicken":1,"minecraft:netherrack":319,"minecraft:torch":34,"minecraft:brewing_stand":1,"minecraft:dirt":1,"minecraft:obsidian":33,"minecraft:iron_hoe":69,"minecraft:wooden_axe":1,"minecraft:iron_axe":71,"minecraft:bow":2,"minecraft:magma_block":2,"minecraft:golden_carrot":11,"minecraft:furnace":19,"minecraft:netherite_pickaxe":145,"minecraft:potato":47,"minecraft:wheat_seeds":5,"minecraft:cooked_mutton":2,"minecraft:water_bucket":1,"minecraft:stone_pickaxe":72,"minecraft:baked_potato":65,"minecraft:wooden_pickaxe":4,"minecraft:sugar_cane":3,"minecraft:diamond_axe":97,"minecraft:crafting_table":11,"minecraft:crossbow":6,"minecraft:oak_log":3,"minecraft:ender_eye":27,"minecraft:diamond_pickaxe":4525,"minecraft:melon_slice":20,"minecraft:map":1,"minecraft:iron_pickaxe":248,"minecraft:netherite_axe":188,"minecraft:cobblestone":303,"minecraft:cooked_porkchop":11,"minecraft:smithing_table":2,"minecraft:bucket":2,"minecraft:andesite":8,"minecraft:oak_boat":3,"minecraft:dandelion":1},"minecraft:killed":{"minecraft:spider":2,"minecraft:skeleton":13,"minecraft:chicken":1,"minecraft:silverfish":1,"minecraft:turtle":3,"minecraft:magma_cube":9,"minecraft:piglin":1,"minecraft:pig":6,"minecraft:salmon":1,"minecraft:creeper":3,"minecraft:sheep":1,"minecraft:zombie":6,"minecraft:wither_skeleton":3,"minecraft:blaze":6,"minecraft:enderman":4},"minecraft:crafted":{"minecraft:oak_planks":132,"minecraft:netherite_sword":1,"minecraft:cooked_chicken":1,"minecraft:furnace":17,"minecraft:cooked_mutton":2,"minecraft:flint_and_steel":1,"minecraft:bow":1,"minecraft:diamond_helmet":2,"minecraft:diamond_leggings":1,"minecraft:iron_axe":1,"minecraft:stone_pickaxe":1,"minecraft:chest":4,"minecraft:diamond_boots":1,"minecraft:netherite_scrap":35,"minecraft:diamond_sword":1,"minecraft:cooked_porkchop":11,"minecraft:diamond_axe":2,"minecraft:crafting_table":6,"minecraft:spruce_planks":124,"minecraft:wooden_pickaxe":1,"minecraft:baked_potato":66,"minecraft:smithing_table":1,"minecraft:cooked_salmon":1,"minecraft:bucket":1,"minecraft:air":0,"minecraft:oak_boat":1,"minecraft:diamond_pickaxe":6,"minecraft:shield":1,"minecraft:stick":40,"minecraft:iron_ingot":70,"minecraft:iron_pickaxe":1,"minecraft:wooden_axe":1,"minecraft:gold_ingot":40,"minecraft:netherite_ingot":9,"minecraft:torch":36,"minecraft:diamond_chestplate":1},"minecraft:killed_by":{"minecraft:zombie":1},"minecraft:custom":{"minecraft:interact_with_smithing_table":14,"minecraft:mob_kills":60,"minecraft:interact_with_crafting_table":64,"minecraft:leave_game":5,"minecraft:time_since_death":131367,"minecraft:climb_one_cm":10493,"minecraft:sprint_one_cm":528060,"minecraft:walk_one_cm":1512130,"minecraft:damage_blocked_by_shield":1569,"minecraft:drop":108,"minecraft:talked_to_villager":1,"minecraft:deaths":3,"minecraft:sneak_time":5650,"minecraft:walk_under_water_one_cm":10264,"minecraft:boat_one_cm":186458,"minecraft:jump":6349,"minecraft:interact_with_blast_furnace":4,"minecraft:walk_on_water_one_cm":17391,"minecraft:interact_with_furnace":121,"minecraft:play_one_minute":442759,"minecraft:sleep_in_bed":5,"minecraft:time_since_rest":94010,"minecraft:damage_taken":6246,"minecraft:damage_dealt":12714,"minecraft:swim_one_cm":31263,"minecraft:fly_one_cm":793804,"minecraft:player_kills":4,"minecraft:open_chest":107,"minecraft:crouch_one_cm":16910,"minecraft:interact_with_smoker":4,"minecraft:fall_one_cm":152371}},"DataVersion":2586}