{"stats":{"minecraft:dropped":{"minecraft:iron_ingot":17,"minecraft:stripped_spruce_log":2,"minecraft:wheat_seeds":3,"minecraft:diamond_axe":1,"minecraft:minecart":1,"minecraft:netherite_helmet":3,"minecraft:netherite_chestplate":4,"minecraft:feather":2,"minecraft:crossbow":1,"minecraft:cobblestone":61,"minecraft:granite":57,"minecraft:rail":2,"minecraft:stick":4,"minecraft:dirt":23,"minecraft:diorite":78,"minecraft:crimson_roots":3,"minecraft:wooden_axe":1,"minecraft:netherite_boots":4,"minecraft:gold_nugget":3,"minecraft:iron_axe":2,"minecraft:white_wool":1,"minecraft:bone":4,"minecraft:gravel":12,"minecraft:furnace":6,"minecraft:netherite_hoe":1,"minecraft:wheat":1,"minecraft:rotten_flesh":5,"minecraft:light_gray_wool":2,"minecraft:oak_planks":3,"minecraft:iron_hoe":1,"minecraft:netherite_leggings":6,"minecraft:potato":2,"minecraft:shield":1,"minecraft:diamond_pickaxe":3,"minecraft:andesite":3,"minecraft:oak_sapling":2,"minecraft:spruce_log":1,"minecraft:wooden_pickaxe":1,"minecraft:arrow":2,"minecraft:stone_pickaxe":1,"minecraft:magma_block":20,"minecraft:quartz":9,"minecraft:netherrack":15},"minecraft:mined":{"minecraft:nether_gold_ore":47,"minecraft:diamond_ore":98,"minecraft:spruce_planks":2,"minecraft:obsidian":29,"minecraft:granite":78,"minecraft:nether_bricks":8,"minecraft:grass_block":1,"minecraft:crimson_roots":1,"minecraft:soul_soil":1,"minecraft:spruce_leaves":10,"minecraft:redstone_ore":28,"minecraft:magma_block":25,"minecraft:furnace":7,"minecraft:iron_ore":133,"minecraft:fire":8,"minecraft:andesite":185,"minecraft:nether_brick_fence":1,"minecraft:potatoes":16,"minecraft:stripped_oak_log":1,"minecraft:stone":2069,"minecraft:bone_block":21,"minecraft:smithing_table":1,"minecraft:blackstone":43,"minecraft:crimson_nylium":2,"minecraft:basalt":21,"minecraft:dandelion":1,"minecraft:crafting_table":6,"minecraft:torch":1,"minecraft:tall_grass":1,"minecraft:nether_quartz_ore":9,"minecraft:cobblestone":14,"minecraft:lapis_ore":8,"minecraft:diorite":81,"minecraft:wall_torch":4,"minecraft:spruce_stairs":2,"minecraft:wheat":1,"minecraft:spruce_log":34,"minecraft:birch_leaves":1,"minecraft:grass":2,"minecraft:oak_log":21,"minecraft:coal_ore":215,"minecraft:gravel":45,"minecraft:dirt":87,"minecraft:fern":1,"minecraft:netherrack":1618,"minecraft:ancient_debris":39,"minecraft:gold_ore":16,"minecraft:oak_leaves":17},"minecraft:picked_up":{"minecraft:wooden_axe":1,"minecraft:crafting_table":9,"minecraft:wheat":1,"minecraft:chicken":2,"minecraft:smithing_table":1,"minecraft:wooden_pickaxe":1,"minecraft:shield":3,"minecraft:iron_axe":2,"minecraft:flint_and_steel":2,"minecraft:netherite_scrap":4,"minecraft:netherite_ingot":2,"minecraft:blackstone":31,"minecraft:gold_nugget":485,"minecraft:netherite_sword":2,"minecraft:spruce_planks":1,"minecraft:spruce_slab":1,"minecraft:iron_pickaxe":1,"minecraft:light_gray_wool":2,"minecraft:minecart":1,"minecraft:furnace":9,"minecraft:golden_helmet":2,"minecraft:torch":44,"minecraft:spruce_stairs":1,"minecraft:porkchop":14,"minecraft:diorite":80,"minecraft:redstone":123,"minecraft:netherite_pickaxe":2,"minecraft:arrow":14,"minecraft:rotten_flesh":7,"minecraft:nether_bricks":8,"minecraft:gold_ingot":7,"minecraft:netherite_chestplate":6,"minecraft:blaze_rod":10,"minecraft:mutton":4,"minecraft:obsidian":28,"minecraft:rail":2,"minecraft:white_wool":2,"minecraft:bone_block":21,"minecraft:cobblestone":1437,"minecraft:netherite_boots":6,"minecraft:magma_block":28,"minecraft:feather":2,"minecraft:basalt":24,"minecraft:magma_cream":1,"minecraft:golden_carrot":11,"minecraft:andesite":145,"minecraft:salmon":1,"minecraft:potato":89,"minecraft:oak_log":39,"minecraft:ancient_debris":59,"minecraft:golden_boots":4,"minecraft:gunpowder":2,"minecraft:lapis_lazuli":53,"minecraft:netherite_leggings":8,"minecraft:dirt":28,"minecraft:twisting_vines":6,"minecraft:bone":12,"minecraft:wheat_seeds":4,"minecraft:iron_ingot":29,"minecraft:stone_pickaxe":1,"minecraft:iron_ore":118,"minecraft:netherite_axe":2,"minecraft:oak_planks":45,"minecraft:cooked_porkchop":4,"minecraft:quartz":18,"minecraft:dandelion":1,"minecraft:gravel":43,"minecraft:stripped_spruce_log":2,"minecraft:spruce_sapling":1,"minecraft:spruce_log":32,"minecraft:gold_ore":23,"minecraft:iron_hoe":1,"minecraft:diamond":97,"minecraft:netherite_helmet":5,"minecraft:granite":78,"minecraft:crossbow":1,"minecraft:warped_nylium":4,"minecraft:baked_potato":13,"minecraft:oak_sapling":4,"minecraft:netherrack":1442,"minecraft:netherite_hoe":1,"minecraft:coal":230,"minecraft:crimson_roots":3,"minecraft:ender_pearl":4,"minecraft:diamond_pickaxe":2},"minecraft:broken":{"minecraft:golden_boots":1,"minecraft:diamond_pickaxe":2,"minecraft:iron_pickaxe":1},"minecraft:used":{"minecraft:netherite_sword":91,"minecraft:flint_and_steel":13,"minecraft:spruce_planks":1,"minecraft:chest":4,"minecraft:shield":13,"minecraft:cooked_salmon":1,"minecraft:cooked_chicken":1,"minecraft:netherrack":181,"minecraft:torch":30,"minecraft:dirt":1,"minecraft:obsidian":18,"minecraft:iron_hoe":69,"minecraft:wooden_axe":1,"minecraft:iron_axe":71,"minecraft:magma_block":2,"minecraft:golden_carrot":11,"minecraft:furnace":19,"minecraft:netherite_pickaxe":85,"minecraft:potato":21,"minecraft:wheat_seeds":1,"minecraft:cooked_mutton":2,"minecraft:stone_pickaxe":72,"minecraft:baked_potato":42,"minecraft:wooden_pickaxe":4,"minecraft:diamond_axe":97,"minecraft:crafting_table":10,"minecraft:crossbow":6,"minecraft:oak_log":3,"minecraft:diamond_pickaxe":4525,"minecraft:iron_pickaxe":248,"minecraft:netherite_axe":76,"minecraft:cobblestone":235,"minecraft:cooked_porkchop":11,"minecraft:smithing_table":2,"minecraft:andesite":8,"minecraft:dandelion":1},"minecraft:killed":{"minecraft:spider":1,"minecraft:skeleton":6,"minecraft:chicken":1,"minecraft:magma_cube":9,"minecraft:piglin":1,"minecraft:pig":6,"minecraft:salmon":1,"minecraft:creeper":1,"minecraft:sheep":1,"minecraft:zombie":4,"minecraft:wither_skeleton":3,"minecraft:enderman":3,"minecraft:blaze":5},"minecraft:crafted":{"minecraft:oak_planks":108,"minecraft:netherite_sword":1,"minecraft:cooked_chicken":1,"minecraft:furnace":17,"minecraft:cooked_mutton":2,"minecraft:flint_and_steel":1,"minecraft:diamond_helmet":1,"minecraft:diamond_leggings":1,"minecraft:iron_axe":1,"minecraft:stone_pickaxe":1,"minecraft:chest":4,"minecraft:diamond_boots":1,"minecraft:netherite_scrap":35,"minecraft:diamond_sword":1,"minecraft:cooked_porkchop":11,"minecraft:diamond_axe":2,"minecraft:crafting_table":5,"minecraft:spruce_planks":124,"minecraft:wooden_pickaxe":1,"minecraft:baked_potato":65,"minecraft:smithing_table":1,"minecraft:cooked_salmon":1,"minecraft:air":0,"minecraft:diamond_pickaxe":4,"minecraft:shield":1,"minecraft:stick":36,"minecraft:iron_ingot":70,"minecraft:iron_pickaxe":1,"minecraft:wooden_axe":1,"minecraft:gold_ingot":40,"minecraft:netherite_ingot":9,"minecraft:torch":36,"minecraft:diamond_chestplate":1},"minecraft:killed_by":{"minecraft:zombie":1},"minecraft:custom":{"minecraft:interact_with_smithing_table":12,"minecraft:mob_kills":42,"minecraft:interact_with_crafting_table":50,"minecraft:leave_game":3,"minecraft:time_since_death":22934,"minecraft:climb_one_cm":7241,"minecraft:sprint_one_cm":355648,"minecraft:walk_one_cm":1175236,"minecraft:damage_blocked_by_shield":718,"minecraft:drop":87,"minecraft:talked_to_villager":1,"minecraft:deaths":3,"minecraft:sneak_time":4487,"minecraft:walk_under_water_one_cm":843,"minecraft:jump":4355,"minecraft:interact_with_blast_furnace":4,"minecraft:walk_on_water_one_cm":10195,"minecraft:interact_with_furnace":116,"minecraft:play_one_minute":334326,"minecraft:sleep_in_bed":4,"minecraft:time_since_rest":22954,"minecraft:damage_taken":5028,"minecraft:damage_dealt":8208,"minecraft:swim_one_cm":7689,"minecraft:player_kills":4,"minecraft:fly_one_cm":528883,"minecraft:open_chest":71,"minecraft:crouch_one_cm":14297,"minecraft:interact_with_smoker":4,"minecraft:fall_one_cm":87543}},"DataVersion":2586}