{"stats":{"minecraft:dropped":{"minecraft:diamond_axe":1,"minecraft:ender_pearl":2,"minecraft:crossbow":1,"minecraft:rail":2,"minecraft:dirt":24,"minecraft:crimson_roots":3,"minecraft:seagrass":3,"minecraft:netherite_boots":4,"minecraft:gold_nugget":3,"minecraft:white_wool":1,"minecraft:bone":8,"minecraft:gravel":12,"minecraft:compass":1,"minecraft:sugar_cane":1,"minecraft:netherite_sword":1,"minecraft:wheat":1,"minecraft:rotten_flesh":5,"minecraft:oak_planks":3,"minecraft:mossy_stone_brick_slab":1,"minecraft:melon_seeds":1,"minecraft:basalt":1,"minecraft:arrow":7,"minecraft:crying_obsidian":2,"minecraft:quartz":11,"minecraft:netherrack":15,"minecraft:iron_ingot":17,"minecraft:stripped_spruce_log":2,"minecraft:netherite_pickaxe":2,"minecraft:wheat_seeds":8,"minecraft:minecart":1,"minecraft:netherite_chestplate":4,"minecraft:netherite_helmet":3,"minecraft:purpur_slab":2,"minecraft:feather":2,"minecraft:cobblestone":61,"minecraft:granite":57,"minecraft:spruce_button":4,"minecraft:stick":4,"minecraft:end_rod":3,"minecraft:diorite":78,"minecraft:wooden_axe":1,"minecraft:diamond_helmet":1,"minecraft:iron_axe":2,"minecraft:furnace":6,"minecraft:warped_nylium":2,"minecraft:netherite_hoe":1,"minecraft:blaze_rod":4,"minecraft:light_gray_wool":2,"minecraft:iron_hoe":1,"minecraft:netherite_leggings":6,"minecraft:filled_map":1,"minecraft:potato":2,"minecraft:shield":1,"minecraft:spruce_planks":1,"minecraft:diamond_pickaxe":5,"minecraft:andesite":3,"minecraft:oak_sapling":2,"minecraft:spruce_log":1,"minecraft:stone_pickaxe":1,"minecraft:wooden_pickaxe":1,"minecraft:magma_block":20},"minecraft:mined":{"minecraft:spruce_planks":4,"minecraft:mossy_stone_brick_slab":1,"minecraft:brewing_stand":2,"minecraft:obsidian":32,"minecraft:granite":83,"minecraft:grass_block":3,"minecraft:soul_soil":1,"minecraft:purpur_slab":2,"minecraft:spawner":1,"minecraft:magma_block":25,"minecraft:iron_ore":133,"minecraft:fire":11,"minecraft:end_stone_bricks":5,"minecraft:blackstone":43,"minecraft:crimson_nylium":2,"minecraft:purpur_stairs":3,"minecraft:torch":1,"minecraft:nether_quartz_ore":11,"minecraft:cobblestone":17,"minecraft:sugar_cane":8,"minecraft:wall_torch":4,"minecraft:warped_nylium":2,"minecraft:wheat":5,"minecraft:purpur_block":6,"minecraft:grass":2,"minecraft:oak_log":27,"minecraft:dirt":90,"minecraft:netherrack":1787,"minecraft:ancient_debris":39,"minecraft:oak_leaves":32,"minecraft:nether_gold_ore":69,"minecraft:diamond_ore":98,"minecraft:crying_obsidian":2,"minecraft:dark_oak_leaves":1,"minecraft:end_stone":2,"minecraft:nether_bricks":8,"minecraft:crimson_roots":1,"minecraft:spruce_leaves":10,"minecraft:redstone_ore":28,"minecraft:furnace":7,"minecraft:andesite":185,"minecraft:nether_brick_fence":1,"minecraft:potatoes":42,"minecraft:stripped_oak_log":1,"minecraft:stone":2090,"minecraft:bone_block":21,"minecraft:smithing_table":1,"minecraft:magenta_stained_glass":2,"minecraft:basalt":22,"minecraft:dandelion":1,"minecraft:crafting_table":7,"minecraft:purpur_pillar":3,"minecraft:tall_grass":1,"minecraft:lapis_ore":8,"minecraft:diorite":85,"minecraft:spruce_stairs":2,"minecraft:spruce_log":34,"minecraft:birch_leaves":4,"minecraft:coal_ore":215,"minecraft:end_rod":1,"minecraft:gravel":45,"minecraft:stone_bricks":1,"minecraft:gold_ore":16,"minecraft:fern":1},"minecraft:picked_up":{"minecraft:wooden_axe":1,"minecraft:seagrass":3,"minecraft:iron_chestplate":1,"minecraft:wheat":1,"minecraft:smithing_table":1,"minecraft:brewing_stand":2,"minecraft:string":1,"minecraft:iron_leggings":1,"minecraft:netherite_ingot":2,"minecraft:gold_nugget":577,"minecraft:bucket":1,"minecraft:spruce_planks":6,"minecraft:ender_eye":28,"minecraft:iron_pickaxe":1,"minecraft:melon_slice":136,"minecraft:iron_boots":1,"minecraft:furnace":9,"minecraft:golden_helmet":2,"minecraft:stick":2,"minecraft:torch":104,"minecraft:purpur_pillar":6,"minecraft:spruce_stairs":1,"minecraft:porkchop":14,"minecraft:diorite":84,"minecraft:rotten_flesh":7,"minecraft:carved_pumpkin":6,"minecraft:end_rod":5,"minecraft:netherite_chestplate":10,"minecraft:blaze_rod":10,"minecraft:obsidian":38,"minecraft:cobblestone":3164,"minecraft:magma_block":28,"minecraft:feather":2,"minecraft:cooked_beef":3,"minecraft:magma_cream":1,"minecraft:water_bucket":3,"minecraft:andesite":145,"minecraft:potato":116,"minecraft:lapis_lazuli":53,"minecraft:netherite_leggings":13,"minecraft:dirt":33,"minecraft:twisting_vines":6,"minecraft:bone":18,"minecraft:bow":5,"minecraft:wheat_seeds":13,"minecraft:netherite_axe":8,"minecraft:oak_planks":45,"minecraft:cooked_porkchop":4,"minecraft:stripped_spruce_log":2,"minecraft:iron_hoe":1,"minecraft:diamond":97,"minecraft:netherite_helmet":10,"minecraft:crossbow":1,"minecraft:granite":83,"minecraft:spruce_button":4,"minecraft:bread":21,"minecraft:oak_sapling":6,"minecraft:netherrack":2373,"minecraft:crimson_roots":3,"minecraft:diamond_pickaxe":5,"minecraft:end_stone_bricks":12,"minecraft:crafting_table":10,"minecraft:chicken":2,"minecraft:wooden_pickaxe":1,"minecraft:purpur_block":9,"minecraft:shield":6,"minecraft:iron_axe":2,"minecraft:elytra":2,"minecraft:flint_and_steel":5,"minecraft:netherite_scrap":4,"minecraft:blackstone":31,"minecraft:netherite_sword":2,"minecraft:oak_boat":3,"minecraft:light_gray_wool":2,"minecraft:spruce_slab":1,"minecraft:minecart":1,"minecraft:sugar_cane":13,"minecraft:end_stone":25,"minecraft:fire_charge":6,"minecraft:redstone":123,"minecraft:netherite_pickaxe":7,"minecraft:arrow":68,"minecraft:nether_bricks":8,"minecraft:diamond_boots":1,"minecraft:hay_block":10,"minecraft:purpur_slab":4,"minecraft:gold_ingot":11,"minecraft:mutton":4,"minecraft:white_wool":2,"minecraft:rail":2,"minecraft:bone_block":21,"minecraft:netherite_boots":11,"minecraft:basalt":25,"minecraft:golden_carrot":11,"minecraft:salmon":1,"minecraft:purpur_stairs":12,"minecraft:oak_log":45,"minecraft:ancient_debris":59,"minecraft:golden_boots":4,"minecraft:gunpowder":4,"minecraft:stone_bricks":1,"minecraft:iron_ingot":44,"minecraft:stone_pickaxe":1,"minecraft:iron_ore":118,"minecraft:iron_sword":2,"minecraft:quartz":20,"minecraft:dandelion":1,"minecraft:gravel":43,"minecraft:spruce_sapling":1,"minecraft:spruce_log":32,"minecraft:gold_ore":23,"minecraft:crying_obsidian":2,"minecraft:mossy_stone_brick_slab":1,"minecraft:diamond_shovel":1,"minecraft:baked_potato":127,"minecraft:netherite_hoe":1,"minecraft:melon_seeds":1,"minecraft:warped_nylium":6,"minecraft:coal":230,"minecraft:ender_pearl":79,"minecraft:shulker_shell":8},"minecraft:broken":{"minecraft:golden_boots":1,"minecraft:diamond_pickaxe":2,"minecraft:iron_pickaxe":1},"minecraft:used":{"minecraft:chest":4,"minecraft:shield":27,"minecraft:iron_sword":70,"minecraft:obsidian":33,"minecraft:magma_block":2,"minecraft:bow":28,"minecraft:furnace":19,"minecraft:potato":47,"minecraft:end_rod":2,"minecraft:stone_pickaxe":72,"minecraft:ender_pearl":12,"minecraft:wooden_pickaxe":4,"minecraft:diamond_axe":97,"minecraft:sugar_cane":3,"minecraft:crossbow":6,"minecraft:melon_slice":67,"minecraft:smithing_table":2,"minecraft:andesite":8,"minecraft:oak_boat":3,"minecraft:purpur_block":1,"minecraft:netherite_sword":91,"minecraft:flint_and_steel":16,"minecraft:spruce_planks":1,"minecraft:cooked_salmon":1,"minecraft:cooked_chicken":1,"minecraft:netherrack":424,"minecraft:torch":34,"minecraft:brewing_stand":1,"minecraft:dirt":1,"minecraft:iron_hoe":69,"minecraft:wooden_axe":1,"minecraft:iron_axe":71,"minecraft:golden_carrot":11,"minecraft:netherite_pickaxe":340,"minecraft:cooked_beef":3,"minecraft:wheat_seeds":5,"minecraft:cooked_mutton":2,"minecraft:water_bucket":12,"minecraft:baked_potato":97,"minecraft:crafting_table":11,"minecraft:oak_log":3,"minecraft:ender_eye":28,"minecraft:diamond_pickaxe":4537,"minecraft:iron_pickaxe":248,"minecraft:map":1,"minecraft:netherite_axe":540,"minecraft:cobblestone":395,"minecraft:cooked_porkchop":11,"minecraft:bucket":12,"minecraft:dandelion":1},"minecraft:killed":{"minecraft:spider":2,"minecraft:shulker":2,"minecraft:skeleton":13,"minecraft:chicken":1,"minecraft:silverfish":1,"minecraft:turtle":3,"minecraft:magma_cube":9,"minecraft:piglin":1,"minecraft:pig":6,"minecraft:salmon":1,"minecraft:creeper":3,"minecraft:sheep":1,"minecraft:zombie":6,"minecraft:blaze":6,"minecraft:wither_skeleton":3,"minecraft:enderman":56},"minecraft:crafted":{"minecraft:oak_planks":132,"minecraft:cooked_chicken":1,"minecraft:cooked_mutton":2,"minecraft:diamond_leggings":1,"minecraft:diamond_helmet":2,"minecraft:bow":1,"minecraft:chest":4,"minecraft:cooked_porkchop":11,"minecraft:diamond_axe":2,"minecraft:crafting_table":6,"minecraft:spruce_planks":124,"minecraft:baked_potato":66,"minecraft:wooden_pickaxe":1,"minecraft:smithing_table":1,"minecraft:diamond_pickaxe":6,"minecraft:shield":2,"minecraft:stick":40,"minecraft:iron_ingot":70,"minecraft:iron_pickaxe":1,"minecraft:gold_ingot":40,"minecraft:netherite_ingot":9,"minecraft:netherite_sword":1,"minecraft:furnace":17,"minecraft:flint_and_steel":1,"minecraft:iron_axe":1,"minecraft:stone_pickaxe":1,"minecraft:diamond_boots":1,"minecraft:netherite_scrap":35,"minecraft:diamond_sword":1,"minecraft:cooked_salmon":1,"minecraft:bucket":1,"minecraft:air":0,"minecraft:oak_boat":1,"minecraft:wooden_axe":1,"minecraft:torch":36,"minecraft:diamond_chestplate":1},"minecraft:killed_by":{"minecraft:zombie":1,"minecraft:enderman":1,"minecraft:ender_dragon":3,"minecraft:shulker":1},"minecraft:custom":{"minecraft:interact_with_crafting_table":66,"minecraft:leave_game":5,"minecraft:time_since_death":1746,"minecraft:sprint_one_cm":690018,"minecraft:damage_blocked_by_shield":1569,"minecraft:drop":123,"minecraft:talked_to_villager":1,"minecraft:deaths":9,"minecraft:jump":8030,"minecraft:interact_with_brewingstand":1,"minecraft:walk_on_water_one_cm":46748,"minecraft:interact_with_furnace":121,"minecraft:play_one_minute":525923,"minecraft:sleep_in_bed":5,"minecraft:damage_dealt":34483,"minecraft:player_kills":4,"minecraft:crouch_one_cm":19439,"minecraft:interact_with_smoker":4,"minecraft:interact_with_smithing_table":14,"minecraft:mob_kills":114,"minecraft:climb_one_cm":15223,"minecraft:walk_one_cm":1822545,"minecraft:sneak_time":7105,"minecraft:walk_under_water_one_cm":11437,"minecraft:boat_one_cm":186458,"minecraft:interact_with_blast_furnace":4,"minecraft:time_since_rest":1766,"minecraft:damage_taken":10500,"minecraft:swim_one_cm":39446,"minecraft:fly_one_cm":1146905,"minecraft:open_chest":128,"minecraft:aviate_one_cm":176470,"minecraft:fall_one_cm":193831}},"DataVersion":2586}