{"stats":{"minecraft:crafted":{"minecraft:oak_planks":108,"minecraft:netherite_sword":1,"minecraft:cooked_chicken":1,"minecraft:furnace":16,"minecraft:cooked_mutton":2,"minecraft:diamond_helmet":1,"minecraft:diamond_leggings":1,"minecraft:iron_axe":1,"minecraft:stone_pickaxe":1,"minecraft:chest":2,"minecraft:diamond_boots":1,"minecraft:netherite_scrap":25,"minecraft:diamond_sword":1,"minecraft:cooked_porkchop":11,"minecraft:diamond_axe":1,"minecraft:crafting_table":5,"minecraft:wooden_pickaxe":1,"minecraft:baked_potato":28,"minecraft:smithing_table":1,"minecraft:cooked_salmon":1,"minecraft:air":0,"minecraft:diamond_pickaxe":3,"minecraft:shield":1,"minecraft:stick":32,"minecraft:iron_ingot":70,"minecraft:iron_pickaxe":1,"minecraft:wooden_axe":1,"minecraft:gold_ingot":12,"minecraft:netherite_ingot":5,"minecraft:torch":36,"minecraft:diamond_chestplate":1},"minecraft:killed_by":{"minecraft:zombie":1},"minecraft:used":{"minecraft:netherite_sword":20,"minecraft:chest":2,"minecraft:shield":6,"minecraft:cooked_salmon":1,"minecraft:cooked_chicken":1,"minecraft:netherrack":127,"minecraft:torch":29,"minecraft:dirt":1,"minecraft:obsidian":8,"minecraft:iron_hoe":69,"minecraft:wooden_axe":1,"minecraft:iron_axe":71,"minecraft:golden_carrot":11,"minecraft:furnace":17,"minecraft:wheat_seeds":1,"minecraft:cooked_mutton":2,"minecraft:stone_pickaxe":72,"minecraft:baked_potato":9,"minecraft:wooden_pickaxe":4,"minecraft:diamond_axe":91,"minecraft:crafting_table":9,"minecraft:crossbow":6,"minecraft:oak_log":3,"minecraft:diamond_pickaxe":4191,"minecraft:iron_pickaxe":248,"minecraft:cobblestone":136,"minecraft:cooked_porkchop":11,"minecraft:smithing_table":1,"minecraft:andesite":8},"minecraft:dropped":{"minecraft:iron_ingot":17,"minecraft:minecart":1,"minecraft:netherite_chestplate":2,"minecraft:netherite_helmet":3,"minecraft:crossbow":1,"minecraft:feather":2,"minecraft:cobblestone":49,"minecraft:granite":57,"minecraft:stick":4,"minecraft:dirt":23,"minecraft:diorite":60,"minecraft:wooden_axe":1,"minecraft:crimson_roots":3,"minecraft:netherite_boots":2,"minecraft:iron_axe":2,"minecraft:white_wool":1,"minecraft:bone":4,"minecraft:gravel":11,"minecraft:furnace":6,"minecraft:netherite_hoe":1,"minecraft:rotten_flesh":2,"minecraft:light_gray_wool":2,"minecraft:oak_planks":3,"minecraft:iron_hoe":1,"minecraft:netherite_leggings":2,"minecraft:potato":2,"minecraft:shield":1,"minecraft:diamond_pickaxe":3,"minecraft:andesite":3,"minecraft:oak_sapling":2,"minecraft:arrow":2,"minecraft:stone_pickaxe":1,"minecraft:wooden_pickaxe":1,"minecraft:magma_block":20,"minecraft:quartz":9,"minecraft:netherrack":15},"minecraft:broken":{"minecraft:diamond_pickaxe":1,"minecraft:iron_pickaxe":1},"minecraft:mined":{"minecraft:nether_gold_ore":3,"minecraft:diamond_ore":98,"minecraft:obsidian":19,"minecraft:granite":78,"minecraft:nether_bricks":2,"minecraft:grass_block":1,"minecraft:crimson_roots":1,"minecraft:soul_soil":1,"minecraft:redstone_ore":28,"minecraft:magma_block":20,"minecraft:furnace":7,"minecraft:iron_ore":133,"minecraft:andesite":185,"minecraft:potatoes":1,"minecraft:stripped_oak_log":1,"minecraft:stone":2069,"minecraft:bone_block":21,"minecraft:blackstone":28,"minecraft:crimson_nylium":2,"minecraft:crafting_table":6,"minecraft:torch":1,"minecraft:nether_quartz_ore":9,"minecraft:cobblestone":10,"minecraft:lapis_ore":8,"minecraft:diorite":81,"minecraft:wall_torch":4,"minecraft:wheat":1,"minecraft:birch_leaves":1,"minecraft:grass":1,"minecraft:oak_log":21,"minecraft:coal_ore":215,"minecraft:dirt":87,"minecraft:gravel":44,"minecraft:netherrack":1318,"minecraft:ancient_debris":29,"minecraft:gold_ore":16,"minecraft:oak_leaves":17},"minecraft:picked_up":{"minecraft:wooden_axe":1,"minecraft:crafting_table":7,"minecraft:chicken":2,"minecraft:wooden_pickaxe":1,"minecraft:shield":1,"minecraft:iron_axe":2,"minecraft:netherite_scrap":4,"minecraft:spruce_slab":1,"minecraft:iron_pickaxe":1,"minecraft:light_gray_wool":2,"minecraft:minecart":1,"minecraft:furnace":9,"minecraft:torch":14,"minecraft:porkchop":14,"minecraft:diorite":80,"minecraft:redstone":123,"minecraft:arrow":10,"minecraft:rotten_flesh":4,"minecraft:gold_ingot":7,"minecraft:netherite_chestplate":2,"minecraft:mutton":4,"minecraft:obsidian":18,"minecraft:rail":2,"minecraft:white_wool":2,"minecraft:bone_block":21,"minecraft:cobblestone":1409,"minecraft:netherite_boots":2,"minecraft:magma_block":20,"minecraft:feather":2,"minecraft:golden_carrot":11,"minecraft:salmon":1,"minecraft:andesite":145,"minecraft:potato":31,"minecraft:oak_log":39,"minecraft:ancient_debris":29,"minecraft:golden_boots":1,"minecraft:netherite_leggings":2,"minecraft:lapis_lazuli":53,"minecraft:dirt":28,"minecraft:bone":9,"minecraft:wheat_seeds":1,"minecraft:iron_ingot":29,"minecraft:stone_pickaxe":1,"minecraft:iron_ore":118,"minecraft:oak_planks":45,"minecraft:cooked_porkchop":4,"minecraft:quartz":18,"minecraft:gravel":40,"minecraft:gold_ore":23,"minecraft:iron_hoe":1,"minecraft:netherite_helmet":3,"minecraft:diamond":97,"minecraft:crossbow":1,"minecraft:granite":78,"minecraft:oak_sapling":4,"minecraft:netherite_hoe":1,"minecraft:netherrack":559,"minecraft:coal":230,"minecraft:crimson_roots":3,"minecraft:diamond_pickaxe":2},"minecraft:killed":{"minecraft:spider":1,"minecraft:skeleton":4,"minecraft:chicken":1,"minecraft:magma_cube":6,"minecraft:piglin":1,"minecraft:pig":6,"minecraft:salmon":1,"minecraft:sheep":1,"minecraft:zombie":3,"minecraft:wither_skeleton":2,"minecraft:blaze":2},"minecraft:custom":{"minecraft:interact_with_smithing_table":8,"minecraft:mob_kills":28,"minecraft:interact_with_crafting_table":39,"minecraft:leave_game":2,"minecraft:time_since_death":223138,"minecraft:climb_one_cm":400,"minecraft:sprint_one_cm":219587,"minecraft:walk_one_cm":841418,"minecraft:damage_blocked_by_shield":313,"minecraft:drop":67,"minecraft:talked_to_villager":1,"minecraft:deaths":1,"minecraft:sneak_time":2048,"minecraft:walk_under_water_one_cm":843,"minecraft:jump":2812,"minecraft:interact_with_blast_furnace":4,"minecraft:walk_on_water_one_cm":10195,"minecraft:interact_with_furnace":93,"minecraft:play_one_minute":248119,"minecraft:sleep_in_bed":4,"minecraft:time_since_rest":66392,"minecraft:damage_taken":2921,"minecraft:damage_dealt":4678,"minecraft:swim_one_cm":7689,"minecraft:fly_one_cm":202495,"minecraft:player_kills":2,"minecraft:open_chest":14,"minecraft:crouch_one_cm":5785,"minecraft:interact_with_smoker":3,"minecraft:fall_one_cm":45442}},"DataVersion":2586}