{"stats":{"minecraft:crafted":{"minecraft:oak_planks":32,"minecraft:netherite_sword":1,"minecraft:cooked_chicken":1,"minecraft:furnace":3,"minecraft:netherite_chestplate":1,"minecraft:netherite_leggings":1,"minecraft:diamond_leggings":1,"minecraft:stone_pickaxe":4,"minecraft:diamond_boots":1,"minecraft:netherite_scrap":24,"minecraft:diamond_sword":1,"minecraft:crafting_table":5,"minecraft:spruce_planks":240,"minecraft:wooden_pickaxe":2,"minecraft:baked_potato":31,"minecraft:bucket":2,"minecraft:bread":1,"minecraft:air":0,"minecraft:diamond_pickaxe":1,"minecraft:shield":2,"minecraft:stick":32,"minecraft:iron_ingot":139,"minecraft:iron_pickaxe":8,"minecraft:wooden_axe":2,"minecraft:gold_ingot":54,"minecraft:netherite_ingot":5,"minecraft:torch":88,"minecraft:diamond_chestplate":1},"minecraft:killed_by":{"minecraft:player":1,"minecraft:wither_skeleton":1},"minecraft:used":{"minecraft:netherite_sword":8,"minecraft:flint_and_steel":1,"minecraft:chest":1,"minecraft:spruce_planks":1,"minecraft:shield":22,"minecraft:iron_sword":49,"minecraft:cooked_chicken":1,"minecraft:netherrack":87,"minecraft:torch":98,"minecraft:dirt":4,"minecraft:granite":5,"minecraft:wooden_axe":135,"minecraft:sweet_berries":12,"minecraft:furnace":6,"minecraft:cooked_beef":5,"minecraft:potato":4,"minecraft:wheat_seeds":9,"minecraft:cooked_mutton":4,"minecraft:water_bucket":8,"minecraft:diorite":16,"minecraft:stone_pickaxe":521,"minecraft:baked_potato":21,"minecraft:wooden_pickaxe":115,"minecraft:crafting_table":13,"minecraft:spruce_log":3,"minecraft:diamond_pickaxe":312,"minecraft:apple":6,"minecraft:bread":8,"minecraft:iron_pickaxe":1645,"minecraft:gravel":1,"minecraft:cobblestone":38,"minecraft:andesite":12,"minecraft:bucket":10},"minecraft:dropped":{"minecraft:iron_ingot":14,"minecraft:wheat_seeds":6,"minecraft:netherite_helmet":1,"minecraft:feather":2,"minecraft:cobblestone":3,"minecraft:granite":28,"minecraft:flint":2,"minecraft:dirt":90,"minecraft:netherite_scrap":2,"minecraft:diorite":9,"minecraft:torch":1,"minecraft:wooden_axe":1,"minecraft:iron_leggings":1,"minecraft:iron_pickaxe":1,"minecraft:spruce_sapling":3,"minecraft:gold_ingot":3,"minecraft:bone":15,"minecraft:armor_stand":2,"minecraft:gravel":34,"minecraft:ancient_debris":5,"minecraft:netherite_ingot":1,"minecraft:rotten_flesh":6,"minecraft:light_gray_wool":1,"minecraft:oak_planks":2,"minecraft:potato":1,"minecraft:diamond_pickaxe":3,"minecraft:andesite":41,"minecraft:wooden_pickaxe":1,"minecraft:netherrack":401},"minecraft:broken":{"minecraft:wooden_pickaxe":1,"minecraft:stone_pickaxe":3,"minecraft:iron_pickaxe":7,"minecraft:wooden_axe":3},"minecraft:mined":{"minecraft:nether_gold_ore":48,"minecraft:diamond_ore":90,"minecraft:spruce_planks":2,"minecraft:nether_bricks":8,"minecraft:granite":70,"minecraft:spruce_leaves":12,"minecraft:large_fern":6,"minecraft:magma_block":5,"minecraft:furnace":3,"minecraft:iron_ore":169,"minecraft:fire":8,"minecraft:andesite":68,"minecraft:stone":1115,"minecraft:blackstone":4,"minecraft:soul_sand":4,"minecraft:crimson_nylium":1,"minecraft:crafting_table":9,"minecraft:torch":8,"minecraft:chest":1,"minecraft:tall_grass":1,"minecraft:cobblestone":1,"minecraft:lapis_ore":9,"minecraft:diorite":40,"minecraft:wall_torch":6,"minecraft:wheat":4,"minecraft:spruce_log":61,"minecraft:grass":3,"minecraft:oak_log":8,"minecraft:coal_ore":106,"minecraft:gravel":28,"minecraft:dirt":49,"minecraft:netherrack":754,"minecraft:ancient_debris":29,"minecraft:gold_ore":59,"minecraft:fern":1},"minecraft:picked_up":{"minecraft:wooden_axe":4,"minecraft:crafting_table":11,"minecraft:iron_chestplate":4,"minecraft:wheat":4,"minecraft:chicken":1,"minecraft:wooden_pickaxe":2,"minecraft:potion":2,"minecraft:shield":3,"minecraft:string":1,"minecraft:iron_axe":2,"minecraft:flint_and_steel":2,"minecraft:netherite_scrap":22,"minecraft:iron_leggings":7,"minecraft:armor_stand":4,"minecraft:diamond_leggings":2,"minecraft:gold_nugget":457,"minecraft:spruce_planks":7,"minecraft:beef":5,"minecraft:iron_pickaxe":3,"minecraft:light_gray_wool":1,"minecraft:chest":1,"minecraft:furnace":15,"minecraft:iron_boots":3,"minecraft:stick":61,"minecraft:torch":21,"minecraft:diorite":56,"minecraft:arrow":15,"minecraft:diamond_chestplate":2,"minecraft:rotten_flesh":11,"minecraft:nether_bricks":2,"minecraft:diamond_boots":2,"minecraft:gold_ingot":32,"minecraft:obsidian":21,"minecraft:mutton":4,"minecraft:white_wool":8,"minecraft:cobblestone":1052,"minecraft:feather":4,"minecraft:cooked_beef":18,"minecraft:magma_cream":4,"minecraft:water_bucket":2,"minecraft:andesite":82,"minecraft:leather":9,"minecraft:potato":8,"minecraft:flint":7,"minecraft:oak_log":8,"minecraft:ancient_debris":116,"minecraft:golden_boots":3,"minecraft:gunpowder":4,"minecraft:lapis_lazuli":116,"minecraft:dirt":136,"minecraft:cooked_mutton":4,"minecraft:bone":18,"minecraft:apple":1,"minecraft:wheat_seeds":21,"minecraft:stone_pickaxe":3,"minecraft:iron_ingot":81,"minecraft:iron_ore":180,"minecraft:diamond_helmet":2,"minecraft:iron_sword":3,"minecraft:oak_planks":22,"minecraft:soul_sand":4,"minecraft:sweet_berries":7,"minecraft:quartz":9,"minecraft:gravel":45,"minecraft:spruce_sapling":4,"minecraft:spruce_log":61,"minecraft:gold_ore":59,"minecraft:spider_eye":1,"minecraft:diamond":125,"minecraft:netherite_helmet":1,"minecraft:stone_axe":1,"minecraft:iron_helmet":4,"minecraft:granite":94,"minecraft:bread":11,"minecraft:baked_potato":19,"minecraft:netherrack":478,"minecraft:coal":148,"minecraft:diamond_pickaxe":4},"minecraft:killed":{"minecraft:spider":4,"minecraft:skeleton":1,"minecraft:chicken":1,"minecraft:magma_cube":2,"minecraft:piglin":1,"minecraft:creeper":1,"minecraft:sheep":1,"minecraft:zombie":9,"minecraft:cow":2},"minecraft:custom":{"minecraft:interact_with_smithing_table":4,"minecraft:mob_kills":23,"minecraft:interact_with_crafting_table":41,"minecraft:interact_with_campfire":9,"minecraft:leave_game":9,"minecraft:time_since_death":70481,"minecraft:sprint_one_cm":468405,"minecraft:walk_one_cm":539833,"minecraft:damage_blocked_by_shield":1220,"minecraft:drop":83,"minecraft:talked_to_villager":3,"minecraft:deaths":6,"minecraft:sneak_time":2748,"minecraft:walk_under_water_one_cm":2711,"minecraft:jump":2602,"minecraft:interact_with_blast_furnace":31,"minecraft:walk_on_water_one_cm":11335,"minecraft:interact_with_furnace":71,"minecraft:play_one_minute":228010,"minecraft:sleep_in_bed":4,"minecraft:time_since_rest":70508,"minecraft:damage_taken":3687,"minecraft:damage_dealt":4114,"minecraft:swim_one_cm":849,"minecraft:fly_one_cm":312144,"minecraft:open_chest":35,"minecraft:crouch_one_cm":3449,"minecraft:interact_with_smoker":2,"minecraft:fall_one_cm":48734}},"DataVersion":2586}