{"stats":{"minecraft:dropped":{"minecraft:golden_boots":2,"minecraft:iron_ingot":14,"minecraft:netherite_pickaxe":1,"minecraft:wheat_seeds":7,"minecraft:golden_helmet":1,"minecraft:baked_potato":30,"minecraft:ender_pearl":1,"minecraft:crafting_table":1,"minecraft:netherite_axe":1,"minecraft:netherite_helmet":2,"minecraft:netherite_chestplate":1,"minecraft:feather":2,"minecraft:cobblestone":52,"minecraft:granite":41,"minecraft:flint":2,"minecraft:dirt":90,"minecraft:netherite_scrap":2,"minecraft:diorite":9,"minecraft:torch":16,"minecraft:wooden_axe":1,"minecraft:netherite_boots":1,"minecraft:iron_leggings":1,"minecraft:gold_nugget":154,"minecraft:iron_pickaxe":1,"minecraft:string":1,"minecraft:spruce_sapling":3,"minecraft:gold_ingot":3,"minecraft:bone":15,"minecraft:armor_stand":2,"minecraft:gravel":35,"minecraft:blackstone":14,"minecraft:warped_nylium":2,"minecraft:ancient_debris":15,"minecraft:netherite_ingot":1,"minecraft:cobblestone_wall":1,"minecraft:blaze_rod":3,"minecraft:twisting_vines":2,"minecraft:netherite_sword":1,"minecraft:rotten_flesh":6,"minecraft:light_gray_wool":1,"minecraft:oak_planks":2,"minecraft:nether_bricks":4,"minecraft:netherite_leggings":1,"minecraft:flint_and_steel":1,"minecraft:potato":1,"minecraft:shield":1,"minecraft:spruce_planks":112,"minecraft:diamond_pickaxe":3,"minecraft:andesite":52,"minecraft:wooden_pickaxe":1,"minecraft:magma_block":3,"minecraft:netherrack":717},"minecraft:mined":{"minecraft:nether_gold_ore":54,"minecraft:diamond_ore":90,"minecraft:spruce_planks":2,"minecraft:nether_bricks":9,"minecraft:granite":70,"minecraft:spruce_leaves":14,"minecraft:large_fern":7,"minecraft:magma_block":5,"minecraft:furnace":3,"minecraft:iron_ore":169,"minecraft:fire":18,"minecraft:andesite":68,"minecraft:nether_brick_fence":1,"minecraft:stone":1115,"minecraft:blackstone":4,"minecraft:soul_sand":4,"minecraft:crimson_nylium":1,"minecraft:crafting_table":9,"minecraft:torch":8,"minecraft:warped_roots":1,"minecraft:chest":1,"minecraft:tall_grass":1,"minecraft:cobblestone":1,"minecraft:lapis_ore":9,"minecraft:diorite":40,"minecraft:wall_torch":6,"minecraft:wheat":9,"minecraft:spruce_log":75,"minecraft:pumpkin_stem":1,"minecraft:grass":3,"minecraft:coal_ore":106,"minecraft:oak_log":8,"minecraft:gravel":28,"minecraft:dirt":57,"minecraft:ancient_debris":29,"minecraft:netherrack":774,"minecraft:gold_ore":59,"minecraft:fern":1},"minecraft:picked_up":{"minecraft:wooden_axe":4,"minecraft:crafting_table":12,"minecraft:iron_chestplate":4,"minecraft:wheat":11,"minecraft:nether_brick_fence":1,"minecraft:chicken":1,"minecraft:wooden_pickaxe":2,"minecraft:potion":2,"minecraft:shield":4,"minecraft:string":1,"minecraft:iron_axe":3,"minecraft:flint_and_steel":3,"minecraft:netherite_scrap":22,"minecraft:iron_leggings":7,"minecraft:armor_stand":4,"minecraft:blackstone":14,"minecraft:diamond_leggings":2,"minecraft:gold_nugget":700,"minecraft:netherite_sword":1,"minecraft:spruce_planks":63,"minecraft:beef":5,"minecraft:iron_pickaxe":3,"minecraft:light_gray_wool":1,"minecraft:chest":1,"minecraft:iron_boots":3,"minecraft:furnace":15,"minecraft:golden_helmet":2,"minecraft:stick":61,"minecraft:torch":37,"minecraft:diorite":56,"minecraft:netherite_pickaxe":1,"minecraft:stone_sword":1,"minecraft:arrow":16,"minecraft:rotten_flesh":15,"minecraft:diamond_chestplate":2,"minecraft:nether_bricks":7,"minecraft:diamond_boots":2,"minecraft:gold_ingot":32,"minecraft:netherite_chestplate":5,"minecraft:blaze_rod":4,"minecraft:obsidian":21,"minecraft:mutton":4,"minecraft:white_wool":8,"minecraft:cobblestone":1064,"minecraft:netherite_boots":5,"minecraft:magma_block":3,"minecraft:feather":4,"minecraft:cooked_beef":18,"minecraft:magma_cream":4,"minecraft:water_bucket":2,"minecraft:andesite":82,"minecraft:leather":9,"minecraft:potato":13,"minecraft:flint":7,"minecraft:oak_log":8,"minecraft:ancient_debris":126,"minecraft:golden_boots":5,"minecraft:gunpowder":4,"minecraft:cobblestone_wall":1,"minecraft:lapis_lazuli":116,"minecraft:netherite_leggings":5,"minecraft:dirt":155,"minecraft:twisting_vines":2,"minecraft:cooked_mutton":4,"minecraft:bone":27,"minecraft:apple":1,"minecraft:wheat_seeds":39,"minecraft:stone_pickaxe":3,"minecraft:iron_ingot":81,"minecraft:iron_ore":180,"minecraft:netherite_axe":1,"minecraft:diamond_helmet":2,"minecraft:soul_sand":4,"minecraft:oak_planks":22,"minecraft:iron_sword":3,"minecraft:sweet_berries":7,"minecraft:quartz":9,"minecraft:gravel":46,"minecraft:spruce_sapling":4,"minecraft:spruce_log":75,"minecraft:gold_ore":65,"minecraft:spider_eye":1,"minecraft:diamond":125,"minecraft:netherite_helmet":2,"minecraft:stone_axe":1,"minecraft:iron_helmet":4,"minecraft:granite":94,"minecraft:bread":11,"minecraft:warped_roots":1,"minecraft:baked_potato":28,"minecraft:netherrack":837,"minecraft:warped_nylium":2,"minecraft:coal":149,"minecraft:ender_pearl":1,"minecraft:diamond_pickaxe":4},"minecraft:broken":{"minecraft:wooden_pickaxe":1,"minecraft:stone_pickaxe":3,"minecraft:iron_pickaxe":7,"minecraft:wooden_axe":4},"minecraft:used":{"minecraft:netherite_sword":44,"minecraft:flint_and_steel":1,"minecraft:chest":1,"minecraft:spruce_planks":1,"minecraft:shield":23,"minecraft:iron_sword":49,"minecraft:cooked_chicken":1,"minecraft:netherrack":125,"minecraft:torch":98,"minecraft:dirt":42,"minecraft:granite":5,"minecraft:wooden_axe":152,"minecraft:iron_axe":1,"minecraft:sweet_berries":12,"minecraft:furnace":6,"minecraft:cooked_beef":5,"minecraft:potato":9,"minecraft:wheat_seeds":14,"minecraft:cooked_mutton":4,"minecraft:water_bucket":10,"minecraft:diorite":16,"minecraft:stone_pickaxe":521,"minecraft:baked_potato":46,"minecraft:wooden_pickaxe":115,"minecraft:crafting_table":13,"minecraft:spruce_log":3,"minecraft:diamond_pickaxe":340,"minecraft:apple":6,"minecraft:bread":9,"minecraft:iron_pickaxe":1645,"minecraft:gravel":1,"minecraft:cobblestone":38,"minecraft:bucket":12,"minecraft:andesite":12},"minecraft:killed":{"minecraft:spider":4,"minecraft:skeleton":2,"minecraft:chicken":1,"minecraft:magma_cube":2,"minecraft:piglin":1,"minecraft:creeper":2,"minecraft:sheep":1,"minecraft:zombie":10,"minecraft:ghast":1,"minecraft:wither_skeleton":4,"minecraft:blaze":2,"minecraft:cow":2},"minecraft:crafted":{"minecraft:oak_planks":32,"minecraft:netherite_sword":1,"minecraft:cooked_chicken":1,"minecraft:furnace":3,"minecraft:netherite_chestplate":1,"minecraft:netherite_leggings":1,"minecraft:diamond_leggings":1,"minecraft:stone_pickaxe":4,"minecraft:diamond_boots":1,"minecraft:netherite_scrap":24,"minecraft:golden_helmet":1,"minecraft:diamond_sword":1,"minecraft:crafting_table":5,"minecraft:spruce_planks":296,"minecraft:wooden_pickaxe":2,"minecraft:baked_potato":62,"minecraft:bucket":2,"minecraft:bread":2,"minecraft:air":0,"minecraft:diamond_pickaxe":1,"minecraft:shield":2,"minecraft:stick":32,"minecraft:iron_ingot":139,"minecraft:iron_pickaxe":8,"minecraft:wooden_axe":2,"minecraft:gold_ingot":54,"minecraft:netherite_ingot":5,"minecraft:torch":88,"minecraft:diamond_chestplate":1},"minecraft:custom":{"minecraft:interact_with_smithing_table":4,"minecraft:mob_kills":33,"minecraft:interact_with_crafting_table":43,"minecraft:interact_with_campfire":11,"minecraft:leave_game":12,"minecraft:time_since_death":0,"minecraft:climb_one_cm":246,"minecraft:sprint_one_cm":659366,"minecraft:walk_one_cm":721525,"minecraft:damage_blocked_by_shield":1254,"minecraft:drop":134,"minecraft:talked_to_villager":4,"minecraft:deaths":13,"minecraft:sneak_time":5317,"minecraft:walk_under_water_one_cm":2711,"minecraft:jump":4144,"minecraft:interact_with_blast_furnace":33,"minecraft:walk_on_water_one_cm":12048,"minecraft:interact_with_furnace":75,"minecraft:play_one_minute":290561,"minecraft:sleep_in_bed":5,"minecraft:time_since_rest":20,"minecraft:damage_taken":6646,"minecraft:damage_dealt":5833,"minecraft:swim_one_cm":849,"minecraft:fly_one_cm":556998,"minecraft:open_chest":46,"minecraft:crouch_one_cm":11258,"minecraft:interact_with_smoker":6,"minecraft:fall_one_cm":103645},"minecraft:killed_by":{"minecraft:ghast":1,"minecraft:player":3,"minecraft:wither_skeleton":1}},"DataVersion":2586}