{"stats":{"minecraft:used":{"minecraft:stone_axe":5,"minecraft:crafting_table":2,"minecraft:furnace":1,"minecraft:cooked_porkchop":1,"minecraft:stone_pickaxe":1,"minecraft:wooden_pickaxe":23},"minecraft:picked_up":{"minecraft:crafting_table":2,"minecraft:porkchop":1,"minecraft:oak_log":6,"minecraft:coal":15,"minecraft:cobblestone":15,"minecraft:furnace":1},"minecraft:crafted":{"minecraft:furnace":1,"minecraft:oak_button":1,"minecraft:oak_planks":24,"minecraft:cooked_porkchop":1,"minecraft:stone_axe":1,"minecraft:crafting_table":1,"minecraft:stick":8,"minecraft:air":0,"minecraft:wooden_pickaxe":1,"minecraft:stone_pickaxe":1},"minecraft:killed":{"minecraft:pig":1},"minecraft:mined":{"minecraft:grass":1,"minecraft:coal_ore":8,"minecraft:oak_log":6,"minecraft:furnace":1,"minecraft:stone":15,"minecraft:crafting_table":2,"minecraft:oak_leaves":3},"minecraft:custom":{"minecraft:time_since_rest":6312,"minecraft:interact_with_furnace":2,"minecraft:play_one_minute":6312,"minecraft:sprint_one_cm":20054,"minecraft:damage_taken":180,"minecraft:walk_one_cm":11889,"minecraft:walk_under_water_one_cm":110,"minecraft:mob_kills":1,"minecraft:jump":195,"minecraft:damage_dealt":110,"minecraft:leave_game":1,"minecraft:time_since_death":6312,"minecraft:walk_on_water_one_cm":120,"minecraft:swim_one_cm":712,"minecraft:interact_with_crafting_table":5,"minecraft:fall_one_cm":5237,"minecraft:fly_one_cm":51642}},"DataVersion":2586}