{"stats":{"minecraft:dropped":{"minecraft:crimson_planks":7,"minecraft:golden_boots":2,"minecraft:iron_ingot":6,"minecraft:soul_sand":3,"minecraft:wheat_seeds":11,"minecraft:baked_potato":7,"minecraft:minecart":1,"minecraft:crafting_table":1,"minecraft:netherite_helmet":2,"minecraft:netherite_chestplate":2,"minecraft:iron_helmet":1,"minecraft:cobblestone":52,"minecraft:granite":24,"minecraft:coal":67,"minecraft:rail":2,"minecraft:stick":1,"minecraft:dirt":28,"minecraft:netherite_scrap":4,"minecraft:diorite":35,"minecraft:golden_carrot":11,"minecraft:torch":11,"minecraft:crimson_roots":2,"minecraft:netherite_boots":2,"minecraft:iron_leggings":1,"minecraft:bone_meal":86,"minecraft:sand":1,"minecraft:iron_pickaxe":1,"minecraft:iron_shovel":1,"minecraft:string":4,"minecraft:gold_ingot":4,"minecraft:bone":10,"minecraft:gravel":10,"minecraft:furnace":1,"minecraft:stone_axe":2,"minecraft:ancient_debris":29,"minecraft:netherite_hoe":1,"minecraft:stone_sword":1,"minecraft:wheat":1,"minecraft:rotten_flesh":17,"minecraft:oak_planks":2,"minecraft:iron_boots":1,"minecraft:iron_hoe":1,"minecraft:nether_bricks":15,"minecraft:netherite_leggings":2,"minecraft:potato":36,"minecraft:shield":1,"minecraft:gunpowder":1,"minecraft:iron_chestplate":1,"minecraft:andesite":44,"minecraft:oak_sapling":3,"minecraft:spider_eye":3,"minecraft:spruce_slab":102,"minecraft:wooden_pickaxe":2,"minecraft:glass":74,"minecraft:stone_pickaxe":1,"minecraft:magma_block":4,"minecraft:netherrack":279},"minecraft:mined":{"minecraft:diamond_ore":6,"minecraft:white_bed":1,"minecraft:spruce_trapdoor":2,"minecraft:nether_bricks":15,"minecraft:granite":51,"minecraft:grass_block":21,"minecraft:spruce_fence":2,"minecraft:crimson_roots":2,"minecraft:soul_soil":1,"minecraft:spruce_leaves":18,"minecraft:crimson_stem":18,"minecraft:spawner":1,"minecraft:weeping_vines_plant":1,"minecraft:magma_block":2,"minecraft:redstone_ore":19,"minecraft:glowstone":36,"minecraft:furnace":9,"minecraft:iron_ore":100,"minecraft:fire":17,"minecraft:andesite":61,"minecraft:stripped_spruce_log":2,"minecraft:potatoes":123,"minecraft:shroomlight":8,"minecraft:rail":5,"minecraft:stone":709,"minecraft:bone_block":40,"minecraft:spruce_slab":5,"minecraft:blackstone":1,"minecraft:soul_sand":3,"minecraft:crimson_nylium":13,"minecraft:soul_fire":1,"minecraft:basalt":1,"minecraft:crafting_table":13,"minecraft:torch":6,"minecraft:glass":5,"minecraft:cobblestone":15,"minecraft:sugar_cane":5,"minecraft:diorite":37,"minecraft:wall_torch":7,"minecraft:spruce_stairs":1,"minecraft:stripped_spruce_wood":10,"minecraft:wheat":7,"minecraft:spruce_log":13,"minecraft:grass_path":3,"minecraft:grass":8,"minecraft:coal_ore":136,"minecraft:oak_log":5,"minecraft:gravel":12,"minecraft:dirt":50,"minecraft:netherrack":1019,"minecraft:gold_ore":13,"minecraft:oak_leaves":1,"minecraft:fern":2},"minecraft:picked_up":{"minecraft:spruce_leaves":11,"minecraft:crafting_table":14,"minecraft:wheat":1,"minecraft:chicken":1,"minecraft:wooden_pickaxe":1,"minecraft:gold_block":1,"minecraft:crimson_planks":57,"minecraft:shield":2,"minecraft:string":8,"minecraft:iron_axe":1,"minecraft:netherite_scrap":2,"minecraft:netherite_ingot":1,"minecraft:iron_shovel":1,"minecraft:blackstone":1,"minecraft:shroomlight":8,"minecraft:diamond_leggings":1,"minecraft:bucket":1,"minecraft:beef":9,"minecraft:iron_pickaxe":1,"minecraft:spruce_slab":218,"minecraft:minecart":3,"minecraft:sugar_cane":32,"minecraft:spruce_trapdoor":6,"minecraft:furnace":9,"minecraft:stick":8,"minecraft:torch":30,"minecraft:spruce_stairs":17,"minecraft:spruce_fence":17,"minecraft:porkchop":10,"minecraft:diorite":37,"minecraft:redstone":174,"minecraft:rotten_flesh":20,"minecraft:arrow":50,"minecraft:diamond_chestplate":1,"minecraft:nether_bricks":30,"minecraft:diamond_boots":1,"minecraft:netherite_chestplate":2,"minecraft:blaze_rod":28,"minecraft:mutton":2,"minecraft:bone_block":80,"minecraft:rail":5,"minecraft:white_wool":3,"minecraft:cobblestone":664,"minecraft:netherite_boots":2,"minecraft:magma_block":6,"minecraft:basalt":1,"minecraft:magma_cream":6,"minecraft:crimson_stem":18,"minecraft:andesite":60,"minecraft:leather":12,"minecraft:smoker":1,"minecraft:potato":409,"minecraft:stripped_spruce_wood":10,"minecraft:oak_log":5,"minecraft:ancient_debris":60,"minecraft:gunpowder":1,"minecraft:wither_skeleton_skull":2,"minecraft:netherite_leggings":2,"minecraft:dirt":86,"minecraft:lantern":1,"minecraft:glass":87,"minecraft:bone":30,"minecraft:apple":1,"minecraft:wheat_seeds":16,"minecraft:iron_ingot":31,"minecraft:iron_ore":168,"minecraft:diamond_helmet":1,"minecraft:glowstone_dust":100,"minecraft:soul_sand":6,"minecraft:oak_planks":10,"minecraft:iron_sword":1,"minecraft:gravel":20,"minecraft:sand":1,"minecraft:stripped_spruce_log":2,"minecraft:white_bed":1,"minecraft:spruce_log":12,"minecraft:gold_ore":18,"minecraft:spider_eye":3,"minecraft:iron_hoe":1,"minecraft:diamond_shovel":1,"minecraft:diamond":35,"minecraft:stone_axe":1,"minecraft:netherite_helmet":2,"minecraft:granite":51,"minecraft:bone_meal":131,"minecraft:baked_potato":25,"minecraft:oak_sapling":3,"minecraft:netherrack":1045,"minecraft:netherite_hoe":1,"minecraft:coal":301,"minecraft:crimson_roots":2,"minecraft:diamond_pickaxe":1},"minecraft:broken":{"minecraft:stone_pickaxe":3,"minecraft:iron_sword":1,"minecraft:iron_pickaxe":4},"minecraft:used":{"minecraft:stone_sword":113,"minecraft:spruce_slab":93,"minecraft:chest":2,"minecraft:shield":24,"minecraft:iron_sword":187,"minecraft:cooked_chicken":1,"minecraft:rotten_flesh":3,"minecraft:netherrack":271,"minecraft:spruce_leaves":3,"minecraft:torch":46,"minecraft:dirt":20,"minecraft:spruce_stairs":2,"minecraft:spruce_fence":2,"minecraft:granite":27,"minecraft:shroomlight":2,"minecraft:glass":13,"minecraft:iron_hoe":90,"minecraft:iron_axe":87,"minecraft:lantern":6,"minecraft:spruce_wood":6,"minecraft:netherite_hoe":56,"minecraft:crimson_planks":2,"minecraft:glowstone":6,"minecraft:golden_carrot":14,"minecraft:furnace":13,"minecraft:cooked_beef":9,"minecraft:potato":265,"minecraft:stripped_spruce_wood":10,"minecraft:cooked_mutton":2,"minecraft:water_bucket":24,"minecraft:diorite":2,"minecraft:stone_pickaxe":395,"minecraft:baked_potato":19,"minecraft:wooden_pickaxe":7,"minecraft:rail":3,"minecraft:crafting_table":14,"minecraft:white_bed":2,"minecraft:smoker":1,"minecraft:shears":11,"minecraft:spruce_log":2,"minecraft:diamond_pickaxe":907,"minecraft:apple":1,"minecraft:diamond_shovel":49,"minecraft:iron_pickaxe":1006,"minecraft:spruce_trapdoor":3,"minecraft:gravel":10,"minecraft:stone_axe":8,"minecraft:diamond_sword":41,"minecraft:cobblestone":435,"minecraft:cooked_porkchop":11,"minecraft:bucket":25,"minecraft:andesite":16,"minecraft:bone_meal":255},"minecraft:killed":{"minecraft:spider":5,"minecraft:skeleton":16,"minecraft:chicken":1,"minecraft:piglin_brute":2,"minecraft:magma_cube":29,"minecraft:piglin":7,"minecraft:pig":4,"minecraft:squid":2,"minecraft:hoglin":1,"minecraft:creeper":2,"minecraft:sheep":1,"minecraft:zombie":20,"minecraft:wither_skeleton":3,"minecraft:villager":1,"minecraft:blaze":18,"minecraft:cow":4},"minecraft:crafted":{"minecraft:oak_planks":20,"minecraft:iron_nugget":63,"minecraft:diamond_hoe":1,"minecraft:chain":5,"minecraft:cooked_chicken":1,"minecraft:furnace":5,"minecraft:bone_meal":210,"minecraft:cooked_mutton":2,"minecraft:lantern":6,"minecraft:diamond_helmet":1,"minecraft:diamond_leggings":1,"minecraft:iron_boots":1,"minecraft:iron_axe":1,"minecraft:spruce_wood":6,"minecraft:iron_hoe":1,"minecraft:stone_pickaxe":4,"minecraft:chest":2,"minecraft:diamond_boots":1,"minecraft:netherite_scrap":6,"minecraft:golden_boots":2,"minecraft:cooked_beef":9,"minecraft:crimson_planks":72,"minecraft:diamond_sword":1,"minecraft:cooked_porkchop":11,"minecraft:crafting_table":2,"minecraft:wooden_pickaxe":1,"minecraft:baked_potato":38,"minecraft:iron_helmet":1,"minecraft:bucket":1,"minecraft:stone_axe":1,"minecraft:glowstone":6,"minecraft:air":0,"minecraft:iron_chestplate":1,"minecraft:diamond_pickaxe":1,"minecraft:shield":1,"minecraft:stick":36,"minecraft:iron_ingot":61,"minecraft:iron_pickaxe":4,"minecraft:stone_sword":1,"minecraft:gold_ingot":17,"minecraft:iron_leggings":1,"minecraft:white_bed":1,"minecraft:netherite_ingot":1,"minecraft:torch":44,"minecraft:shears":1,"minecraft:diamond_chestplate":1},"minecraft:custom":{"minecraft:interact_with_smithing_table":12,"minecraft:mob_kills":116,"minecraft:interact_with_crafting_table":38,"minecraft:leave_game":6,"minecraft:time_since_death":246263,"minecraft:climb_one_cm":672,"minecraft:sprint_one_cm":300524,"minecraft:walk_one_cm":861672,"minecraft:damage_blocked_by_shield":812,"minecraft:drop":125,"minecraft:talked_to_villager":1,"minecraft:deaths":1,"minecraft:sneak_time":30377,"minecraft:walk_under_water_one_cm":1868,"minecraft:jump":3521,"minecraft:walk_on_water_one_cm":12466,"minecraft:interact_with_furnace":90,"minecraft:play_one_minute":417248,"minecraft:sleep_in_bed":4,"minecraft:time_since_rest":212273,"minecraft:damage_taken":3969,"minecraft:damage_dealt":17774,"minecraft:swim_one_cm":78,"minecraft:fly_one_cm":577834,"minecraft:open_chest":32,"minecraft:crouch_one_cm":128662,"minecraft:interact_with_smoker":12,"minecraft:fall_one_cm":81257}},"DataVersion":2586}