{"stats":{"minecraft:dropped":{"minecraft:gold_ore":12,"minecraft:soul_sand":3,"minecraft:baked_potato":48,"minecraft:ender_pearl":3,"minecraft:crafting_table":2,"minecraft:crossbow":1,"minecraft:warped_roots":7,"minecraft:rail":2,"minecraft:dirt":28,"minecraft:netherite_scrap":4,"minecraft:crimson_roots":2,"minecraft:netherite_boots":5,"minecraft:gold_nugget":172,"minecraft:bone_meal":86,"minecraft:sand":1,"minecraft:iron_pickaxe":1,"minecraft:gold_ingot":4,"minecraft:bone":28,"minecraft:gravel":10,"minecraft:stone_axe":2,"minecraft:sugar_cane":1,"minecraft:ancient_debris":39,"minecraft:twisting_vines":6,"minecraft:wheat":2,"minecraft:rotten_flesh":40,"minecraft:oak_planks":2,"minecraft:gunpowder":1,"minecraft:spruce_slab":102,"minecraft:arrow":20,"minecraft:glass":74,"minecraft:warped_wart_block":1,"minecraft:netherrack":471,"minecraft:crimson_planks":7,"minecraft:golden_boots":4,"minecraft:iron_ingot":6,"minecraft:wheat_seeds":11,"minecraft:golden_helmet":3,"minecraft:minecart":1,"minecraft:netherite_axe":1,"minecraft:netherite_chestplate":6,"minecraft:netherite_helmet":3,"minecraft:iron_helmet":1,"minecraft:cobblestone":52,"minecraft:granite":24,"minecraft:coal":75,"minecraft:stick":1,"minecraft:diorite":35,"minecraft:golden_carrot":11,"minecraft:torch":26,"minecraft:iron_leggings":1,"minecraft:iron_axe":1,"minecraft:iron_shovel":1,"minecraft:string":8,"minecraft:furnace":1,"minecraft:warped_nylium":8,"minecraft:netherite_hoe":1,"minecraft:netherite_ingot":2,"minecraft:blaze_rod":5,"minecraft:stone_sword":2,"minecraft:iron_boots":1,"minecraft:iron_hoe":1,"minecraft:ender_eye":14,"minecraft:nether_bricks":15,"minecraft:netherite_leggings":5,"minecraft:flint_and_steel":1,"minecraft:potato":36,"minecraft:spruce_boat":1,"minecraft:shield":1,"minecraft:spruce_planks":4,"minecraft:diamond_pickaxe":1,"minecraft:iron_chestplate":1,"minecraft:andesite":44,"minecraft:oak_sapling":3,"minecraft:spider_eye":5,"minecraft:stone_pickaxe":1,"minecraft:wooden_pickaxe":2,"minecraft:magma_block":4},"minecraft:mined":{"minecraft:white_bed":1,"minecraft:spruce_trapdoor":2,"minecraft:granite":51,"minecraft:grass_block":39,"minecraft:soul_soil":1,"minecraft:purpur_slab":1,"minecraft:spawner":1,"minecraft:weeping_vines_plant":1,"minecraft:magma_block":2,"minecraft:glowstone":36,"minecraft:iron_ore":100,"minecraft:fire":31,"minecraft:twisting_vines":1,"minecraft:end_stone_bricks":2,"minecraft:spruce_slab":5,"minecraft:blackstone":9,"minecraft:twisting_vines_plant":3,"minecraft:crimson_nylium":13,"minecraft:soul_fire":1,"minecraft:purpur_stairs":4,"minecraft:torch":7,"minecraft:glass":5,"minecraft:nether_quartz_ore":4,"minecraft:cobblestone":15,"minecraft:sugar_cane":5,"minecraft:wall_torch":8,"minecraft:warped_nylium":7,"minecraft:wheat":7,"minecraft:warped_fungus":1,"minecraft:purpur_block":9,"minecraft:grass":8,"minecraft:oak_log":5,"minecraft:dirt":53,"minecraft:netherrack":1390,"minecraft:oak_leaves":1,"minecraft:nether_gold_ore":5,"minecraft:diamond_ore":6,"minecraft:end_stone":68,"minecraft:nether_bricks":15,"minecraft:spruce_fence":2,"minecraft:crimson_roots":2,"minecraft:spruce_leaves":24,"minecraft:crimson_stem":18,"minecraft:redstone_ore":19,"minecraft:furnace":9,"minecraft:nether_sprouts":1,"minecraft:andesite":61,"minecraft:stripped_spruce_log":2,"minecraft:potatoes":190,"minecraft:shroomlight":8,"minecraft:rail":5,"minecraft:warped_stem":11,"minecraft:stone":709,"minecraft:bone_block":40,"minecraft:soul_sand":3,"minecraft:magenta_stained_glass":3,"minecraft:basalt":8,"minecraft:crafting_table":13,"minecraft:warped_roots":5,"minecraft:purpur_pillar":14,"minecraft:diorite":37,"minecraft:warped_wart_block":4,"minecraft:spruce_stairs":1,"minecraft:stripped_spruce_wood":10,"minecraft:spruce_log":13,"minecraft:grass_path":9,"minecraft:coal_ore":136,"minecraft:gravel":12,"minecraft:gold_ore":13,"minecraft:fern":2},"minecraft:picked_up":{"minecraft:shulker_shell":7,"minecraft:wheat":2,"minecraft:crimson_planks":95,"minecraft:string":15,"minecraft:netherite_ingot":1,"minecraft:shroomlight":14,"minecraft:diamond_leggings":1,"minecraft:gold_nugget":134,"minecraft:bucket":1,"minecraft:spruce_planks":62,"minecraft:iron_pickaxe":1,"minecraft:furnace":9,"minecraft:golden_helmet":3,"minecraft:stick":10,"minecraft:purpur_pillar":14,"minecraft:spruce_stairs":34,"minecraft:torch":54,"minecraft:porkchop":10,"minecraft:diorite":73,"minecraft:stone_sword":1,"minecraft:rotten_flesh":43,"minecraft:netherite_chestplate":6,"minecraft:blaze_rod":51,"minecraft:cobblestone":676,"minecraft:magma_block":9,"minecraft:magma_cream":10,"minecraft:andesite":60,"minecraft:smoker":1,"minecraft:potato":659,"minecraft:stripped_spruce_wood":10,"minecraft:wither_skeleton_skull":4,"minecraft:dirt":169,"minecraft:netherite_leggings":5,"minecraft:lantern":2,"minecraft:twisting_vines":6,"minecraft:glass":87,"minecraft:bone":48,"minecraft:wheat_seeds":24,"minecraft:netherite_axe":1,"minecraft:diamond_helmet":1,"minecraft:glowstone_dust":124,"minecraft:oak_planks":10,"minecraft:warped_wart_block":3,"minecraft:sand":1,"minecraft:stripped_spruce_log":4,"minecraft:iron_hoe":1,"minecraft:diamond":35,"minecraft:spruce_boat":2,"minecraft:netherite_helmet":3,"minecraft:crossbow":1,"minecraft:granite":51,"minecraft:bone_meal":131,"minecraft:oak_sapling":3,"minecraft:netherrack":1776,"minecraft:crimson_roots":2,"minecraft:end_stone_bricks":2,"minecraft:diamond_pickaxe":2,"minecraft:spruce_leaves":19,"minecraft:crafting_table":15,"minecraft:chicken":1,"minecraft:brown_mushroom":1,"minecraft:wooden_pickaxe":1,"minecraft:gold_block":1,"minecraft:chain":5,"minecraft:purpur_block":8,"minecraft:shield":2,"minecraft:iron_axe":1,"minecraft:flint_and_steel":1,"minecraft:netherite_scrap":2,"minecraft:iron_shovel":1,"minecraft:blackstone":24,"minecraft:beef":9,"minecraft:iron_nugget":5,"minecraft:spruce_slab":242,"minecraft:minecart":3,"minecraft:sugar_cane":49,"minecraft:spruce_trapdoor":9,"minecraft:end_stone":58,"minecraft:spruce_fence":32,"minecraft:redstone":261,"minecraft:netherite_pickaxe":1,"minecraft:arrow":75,"minecraft:diamond_chestplate":1,"minecraft:nether_bricks":34,"minecraft:purpur_slab":1,"minecraft:shears":1,"minecraft:diamond_boots":1,"minecraft:hay_block":2,"minecraft:mutton":2,"minecraft:bone_block":99,"minecraft:rail":5,"minecraft:white_wool":3,"minecraft:netherite_boots":5,"minecraft:basalt":29,"minecraft:magenta_banner":1,"minecraft:crimson_stem":18,"minecraft:leather":18,"minecraft:purpur_stairs":4,"minecraft:oak_log":5,"minecraft:ancient_debris":70,"minecraft:golden_boots":2,"minecraft:gunpowder":1,"minecraft:apple":1,"minecraft:warped_stem":9,"minecraft:iron_ingot":42,"minecraft:iron_ore":207,"minecraft:soul_sand":6,"minecraft:iron_sword":1,"minecraft:warped_fungus":1,"minecraft:quartz":4,"minecraft:gravel":21,"minecraft:white_bed":2,"minecraft:spruce_log":16,"minecraft:gold_ore":35,"minecraft:dragon_egg":1,"minecraft:spider_eye":5,"minecraft:diamond_shovel":1,"minecraft:stone_axe":1,"minecraft:diamond_axe":1,"minecraft:warped_roots":13,"minecraft:baked_potato":55,"minecraft:netherite_hoe":1,"minecraft:warped_nylium":16,"minecraft:crimson_nylium":1,"minecraft:coal":309,"minecraft:ender_pearl":31},"minecraft:broken":{"minecraft:stone_pickaxe":3,"minecraft:iron_sword":1,"minecraft:iron_pickaxe":4},"minecraft:used":{"minecraft:spruce_slab":93,"minecraft:chest":4,"minecraft:shield":31,"minecraft:iron_sword":187,"minecraft:rotten_flesh":3,"minecraft:spruce_leaves":3,"minecraft:spruce_boat":1,"minecraft:glass":13,"minecraft:spruce_wood":6,"minecraft:lantern":6,"minecraft:warped_nylium":2,"minecraft:netherite_hoe":70,"minecraft:bow":24,"minecraft:warped_fungus":1,"minecraft:furnace":13,"minecraft:potato":348,"minecraft:stripped_spruce_wood":10,"minecraft:diorite":2,"minecraft:end_stone_bricks":2,"minecraft:stone_pickaxe":395,"minecraft:ender_pearl":8,"minecraft:wooden_pickaxe":7,"minecraft:diamond_axe":33,"minecraft:purpur_pillar":14,"minecraft:end_stone":19,"minecraft:shears":11,"minecraft:gravel":11,"minecraft:diamond_sword":622,"minecraft:andesite":16,"minecraft:bone_meal":255,"minecraft:purpur_block":8,"minecraft:stone_sword":113,"minecraft:spruce_planks":287,"minecraft:cooked_chicken":1,"minecraft:netherrack":529,"minecraft:torch":49,"minecraft:dirt":79,"minecraft:warped_wart_block":1,"minecraft:spruce_stairs":2,"minecraft:granite":27,"minecraft:spruce_fence":2,"minecraft:shroomlight":2,"minecraft:iron_hoe":90,"minecraft:iron_axe":87,"minecraft:crimson_planks":2,"minecraft:glowstone":6,"minecraft:golden_carrot":14,"minecraft:cooked_beef":9,"minecraft:cooked_mutton":2,"minecraft:water_bucket":43,"minecraft:baked_potato":126,"minecraft:brown_mushroom":1,"minecraft:warped_roots":2,"minecraft:rail":3,"minecraft:crafting_table":15,"minecraft:white_bed":3,"minecraft:spruce_log":2,"minecraft:warped_planks":36,"minecraft:smoker":1,"minecraft:ender_eye":7,"minecraft:diamond_pickaxe":1417,"minecraft:apple":1,"minecraft:diamond_shovel":76,"minecraft:iron_pickaxe":1006,"minecraft:purpur_slab":1,"minecraft:spruce_trapdoor":4,"minecraft:stone_axe":8,"minecraft:cobblestone":435,"minecraft:cooked_porkchop":11,"minecraft:bucket":44},"minecraft:killed":{"minecraft:spider":6,"minecraft:shulker":14,"minecraft:skeleton":19,"minecraft:chicken":1,"minecraft:piglin_brute":2,"minecraft:magma_cube":46,"minecraft:piglin":15,"minecraft:pig":4,"minecraft:ender_dragon":1,"minecraft:creeper":4,"minecraft:sheep":1,"minecraft:zombie":32,"minecraft:blaze":21,"minecraft:cow":4,"minecraft:hoglin":1,"minecraft:squid":2,"minecraft:wither_skeleton":10,"minecraft:villager":1,"minecraft:enderman":59},"minecraft:crafted":{"minecraft:oak_planks":20,"minecraft:blaze_powder":22,"minecraft:cooked_chicken":1,"minecraft:chain":5,"minecraft:cooked_mutton":2,"minecraft:warped_planks":36,"minecraft:bow":1,"minecraft:diamond_leggings":1,"minecraft:diamond_helmet":3,"minecraft:iron_boots":1,"minecraft:chest":4,"minecraft:ender_eye":21,"minecraft:golden_boots":2,"minecraft:cooked_porkchop":11,"minecraft:crafting_table":3,"minecraft:spruce_planks":252,"minecraft:wooden_pickaxe":1,"minecraft:baked_potato":214,"minecraft:iron_helmet":1,"minecraft:iron_chestplate":1,"minecraft:diamond_pickaxe":1,"minecraft:shield":1,"minecraft:stick":40,"minecraft:iron_ingot":61,"minecraft:iron_pickaxe":4,"minecraft:stone_sword":1,"minecraft:gold_ingot":17,"minecraft:netherite_ingot":1,"minecraft:shears":1,"minecraft:iron_nugget":63,"minecraft:diamond_hoe":1,"minecraft:furnace":5,"minecraft:bone_meal":354,"minecraft:lantern":6,"minecraft:iron_axe":1,"minecraft:spruce_wood":6,"minecraft:iron_hoe":1,"minecraft:stone_pickaxe":4,"minecraft:diamond_boots":1,"minecraft:spruce_boat":1,"minecraft:netherite_scrap":6,"minecraft:cooked_beef":9,"minecraft:crimson_planks":72,"minecraft:diamond_sword":1,"minecraft:bucket":1,"minecraft:stone_axe":1,"minecraft:glowstone":6,"minecraft:air":0,"minecraft:iron_leggings":1,"minecraft:white_bed":1,"minecraft:torch":44,"minecraft:diamond_chestplate":1},"minecraft:custom":{"minecraft:interact_with_crafting_table":43,"minecraft:leave_game":12,"minecraft:time_since_death":433985,"minecraft:sprint_one_cm":672150,"minecraft:damage_blocked_by_shield":1113,"minecraft:drop":223,"minecraft:talked_to_villager":1,"minecraft:deaths":1,"minecraft:jump":7805,"minecraft:walk_on_water_one_cm":24360,"minecraft:interact_with_furnace":98,"minecraft:play_one_minute":604970,"minecraft:sleep_in_bed":4,"minecraft:damage_dealt":53874,"minecraft:crouch_one_cm":179782,"minecraft:interact_with_smoker":40,"minecraft:interact_with_smithing_table":12,"minecraft:mob_kills":245,"minecraft:climb_one_cm":8795,"minecraft:walk_one_cm":1479211,"minecraft:sneak_time":43896,"minecraft:walk_under_water_one_cm":4931,"minecraft:interact_with_blast_furnace":2,"minecraft:time_since_rest":399995,"minecraft:damage_taken":8191,"minecraft:fly_one_cm":2311197,"minecraft:swim_one_cm":78,"minecraft:open_chest":126,"minecraft:fall_one_cm":201461}},"DataVersion":2586}